department,code,OCC_TITLE,OCC_GROUP
11,1011,Chief Executives,detailed
11,1021,General and Operations Managers,detailed
11,1031,Legislators,detailed
11,2011,Advertising and Promotions Managers,detailed
11,2021,Marketing Managers,detailed
11,2022,Sales Managers,detailed
11,2031,Public Relations and Fundraising Managers,detailed
11,3011,Administrative Services Managers,detailed
11,3021,Computer and Information Systems Managers,detailed
11,3031,Financial Managers,detailed
11,3051,Industrial Production Managers,detailed
11,3061,Purchasing Managers,detailed
11,3071,"Transportation, Storage, and Distribution Managers",detailed
11,3111,Compensation and Benefits Managers,detailed
11,3121,Human Resources Managers,detailed
11,3131,Training and Development Managers,detailed
11,9021,Construction Managers,detailed
11,9031,"Education Administrators, Preschool and Childcare Center/Program",detailed
11,9032,"Education Administrators, Elementary and Secondary School",detailed
11,9033,"Education Administrators, Postsecondary",detailed
11,9039,"Education Administrators, All Other",detailed
11,9041,Architectural and Engineering Managers,detailed
11,9051,Food Service Managers,detailed
11,9061,Funeral Service Managers,detailed
11,9081,Lodging Managers,detailed
11,9111,Medical and Health Services Managers,detailed
11,9121,Natural Sciences Managers,detailed
11,9131,Postmasters and Mail Superintendents,detailed
11,9141,"Property, Real Estate, and Community Association Managers",detailed
11,9151,Social and Community Service Managers,detailed
11,9161,Emergency Management Directors,detailed
11,9199,"Managers, All Other",detailed
13,1021,"Buyers and Purchasing Agents, Farm Products",detailed
13,1022,"Wholesale and Retail Buyers, Except Farm Products",detailed
13,1023,"Purchasing Agents, Except Wholesale, Retail, and Farm Products",detailed
13,1031,"Claims Adjusters, Examiners, and Investigators",detailed
13,1032,"Insurance Appraisers, Auto Damage",detailed
13,1041,Compliance Officers,detailed
13,1051,Cost Estimators,detailed
13,1071,Human Resources Specialists,detailed
13,1075,Labor Relations Specialists,detailed
13,1081,Logisticians,detailed
13,1111,Management Analysts,detailed
13,1121,"Meeting, Convention, and Event Planners",detailed
13,1131,Fundraisers,detailed
13,1141,"Compensation, Benefits, and Job Analysis Specialists",detailed
13,1151,Training and Development Specialists,detailed
13,1161,Market Research Analysts and Marketing Specialists,detailed
13,1199,"Business Operations Specialists, All Other",detailed
13,2011,Accountants and Auditors,detailed
13,2021,Appraisers and Assessors of Real Estate,detailed
13,2031,Budget Analysts,detailed
13,2041,Credit Analysts,detailed
13,2051,Financial Analysts,detailed
13,2052,Personal Financial Advisors,detailed
13,2053,Insurance Underwriters,detailed
13,2061,Financial Examiners,detailed
13,2071,Credit Counselors,detailed
13,2072,Loan Officers,detailed
13,2081,"Tax Examiners and Collectors, and Revenue Agents",detailed
13,2082,Tax Preparers,detailed
13,2099,"Financial Specialists, All Other",detailed
15,1111,Computer and Information Research Scientists,detailed
15,1121,Computer Systems Analysts,detailed
15,1122,Information Security Analysts,detailed
15,1131,Computer Programmers,detailed
15,1132,"Software Developers, Applications",detailed
15,1133,"Software Developers, Systems Software",detailed
15,1134,Web Developers,detailed
15,1141,Database Administrators,detailed
15,1142,Network and Computer Systems Administrators,detailed
15,1143,Computer Network Architects,detailed
15,1151,Computer User Support Specialists,detailed
15,1152,Computer Network Support Specialists,detailed
15,1199,"Computer Occupations, All Other",detailed
15,2011,Actuaries,detailed
15,2031,Operations Research Analysts,detailed
15,2041,Statisticians,detailed
17,1011,"Architects, Except Landscape and Naval",detailed
17,1012,Landscape Architects,detailed
17,1021,Cartographers and Photogrammetrists,detailed
17,1022,Surveyors,detailed
17,2011,Aerospace Engineers,detailed
17,2031,Biomedical Engineers,detailed
17,2041,Chemical Engineers,detailed
17,2051,Civil Engineers,detailed
17,2061,Computer Hardware Engineers,detailed
17,2071,Electrical Engineers,detailed
17,2072,"Electronics Engineers, Except Computer",detailed
17,2081,Environmental Engineers,detailed
17,2111,"Health and Safety Engineers, Except Mining Safety Engineers and Inspectors",detailed
17,2112,Industrial Engineers,detailed
17,2131,Materials Engineers,detailed
17,2141,Mechanical Engineers,detailed
17,2151,"Mining and Geological Engineers, Including Mining Safety Engineers",detailed
17,2161,Nuclear Engineers,detailed
17,2171,Petroleum Engineers,detailed
17,2199,"Engineers, All Other",detailed
17,3011,Architectural and Civil Drafters,detailed
17,3012,Electrical and Electronics Drafters,detailed
17,3013,Mechanical Drafters,detailed
17,3019,"Drafters, All Other",detailed
17,3021,Aerospace Engineering and Operations Technicians,detailed
17,3022,Civil Engineering Technicians,detailed
17,3023,Electrical and Electronics Engineering Technicians,detailed
17,3024,Electro-Mechanical Technicians,detailed
17,3025,Environmental Engineering Technicians,detailed
17,3026,Industrial Engineering Technicians,detailed
17,3027,Mechanical Engineering Technicians,detailed
17,3029,"Engineering Technicians, Except Drafters, All Other",detailed
17,3031,Surveying and Mapping Technicians,detailed
19,1013,Soil and Plant Scientists,detailed
19,1021,Biochemists and Biophysicists,detailed
19,1022,Microbiologists,detailed
19,1023,Zoologists and Wildlife Biologists,detailed
19,1029,"Biological Scientists, All Other",detailed
19,1031,Conservation Scientists,detailed
19,1032,Foresters,detailed
19,1041,Epidemiologists,detailed
19,1042,"Medical Scientists, Except Epidemiologists",detailed
19,1099,"Life Scientists, All Other",detailed
19,2012,Physicists,detailed
19,2021,Atmospheric and Space Scientists,detailed
19,2031,Chemists,detailed
19,2032,Materials Scientists,detailed
19,2041,"Environmental Scientists and Specialists, Including Health",detailed
19,2042,"Geoscientists, Except Hydrologists and Geographers",detailed
19,2099,"Physical Scientists, All Other",detailed
19,3031,"Clinical, Counseling, and School Psychologists",detailed
19,3039,"Psychologists, All Other",detailed
19,3051,Urban and Regional Planners,detailed
19,3091,Anthropologists and Archeologists,detailed
19,3093,Historians,detailed
19,3099,"Social Scientists and Related Workers, All Other",detailed
19,4011,Agricultural and Food Science Technicians,detailed
19,4021,Biological Technicians,detailed
19,4031,Chemical Technicians,detailed
19,4041,Geological and Petroleum Technicians,detailed
19,4051,Nuclear Technicians,detailed
19,4091,"Environmental Science and Protection Technicians, Including Health",detailed
19,4092,Forensic Science Technicians,detailed
19,4093,Forest and Conservation Technicians,detailed
19,4099,"Life, Physical, and Social Science Technicians, All Other",detailed
21,1011,Substance Abuse and Behavioral Disorder Counselors,detailed
21,1012,"Educational, Guidance, School, and Vocational Counselors",detailed
21,1013,Marriage and Family Therapists,detailed
21,1014,Mental Health Counselors,detailed
21,1015,Rehabilitation Counselors,detailed
21,1019,"Counselors, All Other",detailed
21,1021,"Child, Family, and School Social Workers",detailed
21,1022,Healthcare Social Workers,detailed
21,1023,Mental Health and Substance Abuse Social Workers,detailed
21,1029,"Social Workers, All Other",detailed
21,1091,Health Educators,detailed
21,1092,Probation Officers and Correctional Treatment Specialists,detailed
21,1093,Social and Human Service Assistants,detailed
21,1094,Community Health Workers,detailed
21,1099,"Community and Social Service Specialists, All Other",detailed
21,2011,Clergy,detailed
21,2021,"Directors, Religious Activities and Education",detailed
21,2099,"Religious Workers, All Other",detailed
23,1011,Lawyers,detailed
23,1021,"Administrative Law Judges, Adjudicators, and Hearing Officers",detailed
23,1022,"Arbitrators, Mediators, and Conciliators",detailed
23,1023,"Judges, Magistrate Judges, and Magistrates",detailed
23,2011,Paralegals and Legal Assistants,detailed
23,2091,Court Reporters,detailed
23,2093,"Title Examiners, Abstractors, and Searchers",detailed
23,2099,"Legal Support Workers, All Other",detailed
25,1011,"Business Teachers, Postsecondary",detailed
25,1021,"Computer Science Teachers, Postsecondary",detailed
25,1022,"Mathematical Science Teachers, Postsecondary",detailed
25,1031,"Architecture Teachers, Postsecondary",detailed
25,1032,"Engineering Teachers, Postsecondary",detailed
25,1041,"Agricultural Sciences Teachers, Postsecondary",detailed
25,1042,"Biological Science Teachers, Postsecondary",detailed
25,1051,"Atmospheric, Earth, Marine, and Space Sciences Teachers, Postsecondary",detailed
25,1052,"Chemistry Teachers, Postsecondary",detailed
25,1053,"Environmental Science Teachers, Postsecondary",detailed
25,1054,"Physics Teachers, Postsecondary",detailed
25,1063,"Economics Teachers, Postsecondary",detailed
25,1064,"Geography Teachers, Postsecondary",detailed
25,1065,"Political Science Teachers, Postsecondary",detailed
25,1066,"Psychology Teachers, Postsecondary",detailed
25,1067,"Sociology Teachers, Postsecondary",detailed
25,1072,"Nursing Instructors and Teachers, Postsecondary",detailed
25,1081,"Education Teachers, Postsecondary",detailed
25,1082,"Library Science Teachers, Postsecondary",detailed
25,1111,"Criminal Justice and Law Enforcement Teachers, Postsecondary",detailed
25,1112,"Law Teachers, Postsecondary",detailed
25,1113,"Social Work Teachers, Postsecondary",detailed
25,1121,"Art, Drama, and Music Teachers, Postsecondary",detailed
25,1122,"Communications Teachers, Postsecondary",detailed
25,1123,"English Language and Literature Teachers, Postsecondary",detailed
25,1124,"Foreign Language and Literature Teachers, Postsecondary",detailed
25,1125,"History Teachers, Postsecondary",detailed
25,1126,"Philosophy and Religion Teachers, Postsecondary",detailed
25,1191,Graduate Teaching Assistants,detailed
25,1192,"Home Economics Teachers, Postsecondary",detailed
25,1193,"Recreation and Fitness Studies Teachers, Postsecondary",detailed
25,1194,"Vocational Education Teachers, Postsecondary",detailed
25,1199,"Postsecondary Teachers, All Other",detailed
25,2011,"Preschool Teachers, Except Special Education",detailed
25,2012,"Kindergarten Teachers, Except Special Education",detailed
25,2021,"Elementary School Teachers, Except Special Education",detailed
25,2022,"Middle School Teachers, Except Special and Career/Technical Education",detailed
25,2023,"Career/Technical Education Teachers, Middle School",detailed
25,2031,"Secondary School Teachers, Except Special and Career/Technical Education",detailed
25,2032,"Career/Technical Education Teachers, Secondary School",detailed
25,2051,"Special Education Teachers, Preschool",detailed
25,2052,"Special Education Teachers, Kindergarten and Elementary School",detailed
25,2053,"Special Education Teachers, Middle School",detailed
25,2054,"Special Education Teachers, Secondary School",detailed
25,2059,"Special Education Teachers, All Other",detailed
25,3011,Adult Basic and Secondary Education and Literacy Teachers and Instructors,detailed
25,3021,Self-Enrichment Education Teachers,detailed
25,3097,"Teachers and Instructors, All Other, Except Substitute Teachers",detailed
25,3098,Substitute Teachers,detailed
25,4011,Archivists,detailed
25,4012,Curators,detailed
25,4013,Museum Technicians and Conservators,detailed
25,4021,Librarians,detailed
25,4031,Library Technicians,detailed
25,9011,Audio-Visual and Multimedia Collections Specialists,detailed
25,9021,Farm and Home Management Advisors,detailed
25,9031,Instructional Coordinators,detailed
25,9041,Teacher Assistants,detailed
25,9099,"Education, Training, and Library Workers, All Other",detailed
27,1011,Art Directors,detailed
27,1012,Craft Artists,detailed
27,1014,Multimedia Artists and Animators,detailed
27,1019,"Artists and Related Workers, All Other",detailed
27,1021,Commercial and Industrial Designers,detailed
27,1023,Floral Designers,detailed
27,1024,Graphic Designers,detailed
27,1025,Interior Designers,detailed
27,1026,Merchandise Displayers and Window Trimmers,detailed
27,2012,Producers and Directors,detailed
27,2022,Coaches and Scouts,detailed
27,2023,"Umpires, Referees, and Other Sports Officials",detailed
27,2041,Music Directors and Composers,detailed
27,2042,Musicians and Singers,detailed
27,3011,Radio and Television Announcers,detailed
27,3012,Public Address System and Other Announcers,detailed
27,3021,Broadcast News Analysts,detailed
27,3022,Reporters and Correspondents,detailed
27,3031,Public Relations Specialists,detailed
27,3041,Editors,detailed
27,3042,Technical Writers,detailed
27,3043,Writers and Authors,detailed
27,3091,Interpreters and Translators,detailed
27,4011,Audio and Video Equipment Technicians,detailed
27,4012,Broadcast Technicians,detailed
27,4014,Sound Engineering Technicians,detailed
27,4021,Photographers,detailed
27,4031,"Camera Operators, Television, Video, and Motion Picture",detailed
27,4032,Film and Video Editors,detailed
27,4099,"Media and Communication Equipment Workers, All Other",detailed
29,1011,Chiropractors,detailed
29,1021,"Dentists, General",detailed
29,1022,Oral and Maxillofacial Surgeons,detailed
29,1023,Orthodontists,detailed
29,1031,Dietitians and Nutritionists,detailed
29,1041,Optometrists,detailed
29,1051,Pharmacists,detailed
29,1061,Anesthesiologists,detailed
29,1062,Family and General Practitioners,detailed
29,1063,"Internists, General",detailed
29,1064,Obstetricians and Gynecologists,detailed
29,1065,"Pediatricians, General",detailed
29,1066,Psychiatrists,detailed
29,1067,Surgeons,detailed
29,1069,"Physicians and Surgeons, All Other",detailed
29,1071,Physician Assistants,detailed
29,1081,Podiatrists,detailed
29,1122,Occupational Therapists,detailed
29,1123,Physical Therapists,detailed
29,1124,Radiation Therapists,detailed
29,1125,Recreational Therapists,detailed
29,1126,Respiratory Therapists,detailed
29,1127,Speech-Language Pathologists,detailed
29,1128,Exercise Physiologists,detailed
29,1131,Veterinarians,detailed
29,1141,Registered Nurses,detailed
29,1151,Nurse Anesthetists,detailed
29,1171,Nurse Practitioners,detailed
29,1181,Audiologists,detailed
29,2011,Medical and Clinical Laboratory Technologists,detailed
29,2012,Medical and Clinical Laboratory Technicians,detailed
29,2021,Dental Hygienists,detailed
29,2031,Cardiovascular Technologists and Technicians,detailed
29,2032,Diagnostic Medical Sonographers,detailed
29,2033,Nuclear Medicine Technologists,detailed
29,2034,Radiologic Technologists,detailed
29,2035,Magnetic Resonance Imaging Technologists,detailed
29,2041,Emergency Medical Technicians and Paramedics,detailed
29,2051,Dietetic Technicians,detailed
29,2052,Pharmacy Technicians,detailed
29,2053,Psychiatric Technicians,detailed
29,2054,Respiratory Therapy Technicians,detailed
29,2055,Surgical Technologists,detailed
29,2056,Veterinary Technologists and Technicians,detailed
29,2057,Ophthalmic Medical Technicians,detailed
29,2061,Licensed Practical and Licensed Vocational Nurses,detailed
29,2071,Medical Records and Health Information Technicians,detailed
29,2081,"Opticians, Dispensing",detailed
29,2091,Orthotists and Prosthetists,detailed
29,2092,Hearing Aid Specialists,detailed
29,2099,"Health Technologists and Technicians, All Other",detailed
29,9011,Occupational Health and Safety Specialists,detailed
29,9012,Occupational Health and Safety Technicians,detailed
29,9091,Athletic Trainers,detailed
29,9099,"Healthcare Practitioners and Technical Workers, All Other",detailed
31,1011,Home Health Aides,detailed
31,1013,Psychiatric Aides,detailed
31,1014,Nursing Assistants,detailed
31,1015,Orderlies,detailed
31,2011,Occupational Therapy Assistants,detailed
31,2012,Occupational Therapy Aides,detailed
31,2021,Physical Therapist Assistants,detailed
31,2022,Physical Therapist Aides,detailed
31,9011,Massage Therapists,detailed
31,9091,Dental Assistants,detailed
31,9092,Medical Assistants,detailed
31,9093,Medical Equipment Preparers,detailed
31,9094,Medical Transcriptionists,detailed
31,9095,Pharmacy Aides,detailed
31,9096,Veterinary Assistants and Laboratory Animal Caretakers,detailed
31,9097,Phlebotomists,detailed
31,9099,"Healthcare Support Workers, All Other",detailed
33,1011,First-Line Supervisors of Correctional Officers,detailed
33,1012,First-Line Supervisors of Police and Detectives,detailed
33,1021,First-Line Supervisors of Fire Fighting and Prevention Workers,detailed
33,1099,"First-Line Supervisors of Protective Service Workers, All Other",detailed
33,2011,Firefighters,detailed
33,2021,Fire Inspectors and Investigators,detailed
33,2022,Forest Fire Inspectors and Prevention Specialists,detailed
33,3011,Bailiffs,detailed
33,3012,Correctional Officers and Jailers,detailed
33,3021,Detectives and Criminal Investigators,detailed
33,3031,Fish and Game Wardens,detailed
33,3041,Parking Enforcement Workers,detailed
33,3051,Police and Sheriff's Patrol Officers,detailed
33,9011,Animal Control Workers,detailed
33,9021,Private Detectives and Investigators,detailed
33,9032,Security Guards,detailed
33,9091,Crossing Guards,detailed
33,9092,"Lifeguards, Ski Patrol, and Other Recreational Protective Service Workers",detailed
33,9093,Transportation Security Screeners,detailed
33,9099,"Protective Service Workers, All Other",detailed
35,1011,Chefs and Head Cooks,detailed
35,1012,First-Line Supervisors of Food Preparation and Serving Workers,detailed
35,2011,"Cooks, Fast Food",detailed
35,2012,"Cooks, Institution and Cafeteria",detailed
35,2014,"Cooks, Restaurant",detailed
35,2015,"Cooks, Short Order",detailed
35,2019,"Cooks, All Other",detailed
35,2021,Food Preparation Workers,detailed
35,3011,Bartenders,detailed
35,3021,"Combined Food Preparation and Serving Workers, Including Fast Food",detailed
35,3022,"Counter Attendants, Cafeteria, Food Concession, and Coffee Shop",detailed
35,3031,Waiters and Waitresses,detailed
35,3041,"Food Servers, Nonrestaurant",detailed
35,9011,Dining Room and Cafeteria Attendants and Bartender Helpers,detailed
35,9021,Dishwashers,detailed
35,9031,"Hosts and Hostesses, Restaurant, Lounge, and Coffee Shop",detailed
35,9099,"Food Preparation and Serving Related Workers, All Other",detailed
37,1011,First-Line Supervisors of Housekeeping and Janitorial Workers,detailed
37,1012,"First-Line Supervisors of Landscaping, Lawn Service, and Groundskeeping Workers",detailed
37,2011,"Janitors and Cleaners, Except Maids and Housekeeping Cleaners",detailed
37,2012,Maids and Housekeeping Cleaners,detailed
37,2021,Pest Control Workers,detailed
37,3011,Landscaping and Groundskeeping Workers,detailed
37,3012,"Pesticide Handlers, Sprayers, and Applicators, Vegetation",detailed
37,3013,Tree Trimmers and Pruners,detailed
37,3019,"Grounds Maintenance Workers, All Other",detailed
39,1011,Gaming Supervisors,detailed
39,1012,Slot Supervisors,detailed
39,1021,First-Line Supervisors of Personal Service Workers,detailed
39,2011,Animal Trainers,detailed
39,2021,Nonfarm Animal Caretakers,detailed
39,3012,Gaming and Sports Book Writers and Runners,detailed
39,3021,Motion Picture Projectionists,detailed
39,3091,Amusement and Recreation Attendants,detailed
39,3093,"Locker Room, Coatroom, and Dressing Room Attendants",detailed
39,3099,"Entertainment Attendants and Related Workers, All Other",detailed
39,4011,Embalmers,detailed
39,4021,Funeral Attendants,detailed
39,4031,"Morticians, Undertakers, and Funeral Directors",detailed
39,5012,"Hairdressers, Hairstylists, and Cosmetologists",detailed
39,5092,Manicurists and Pedicurists,detailed
39,5093,Shampooers,detailed
39,5094,Skincare Specialists,detailed
39,6011,Baggage Porters and Bellhops,detailed
39,6012,Concierges,detailed
39,7011,Tour Guides and Escorts,detailed
39,9011,Childcare Workers,detailed
39,9021,Personal Care Aides,detailed
39,9031,Fitness Trainers and Aerobics Instructors,detailed
39,9032,Recreation Workers,detailed
39,9041,Residential Advisors,detailed
39,9099,"Personal Care and Service Workers, All Other",detailed
41,1011,First-Line Supervisors of Retail Sales Workers,detailed
41,1012,First-Line Supervisors of Non-Retail Sales Workers,detailed
41,2011,Cashiers,detailed
41,2021,Counter and Rental Clerks,detailed
41,2022,Parts Salespersons,detailed
41,2031,Retail Salespersons,detailed
41,3011,Advertising Sales Agents,detailed
41,3021,Insurance Sales Agents,detailed
41,3031,"Securities, Commodities, and Financial Services Sales Agents",detailed
41,3041,Travel Agents,detailed
41,3099,"Sales Representatives, Services, All Other",detailed
41,4011,"Sales Representatives, Wholesale and Manufacturing, Technical and Scientific Products",detailed
41,4012,"Sales Representatives, Wholesale and Manufacturing, Except Technical and Scientific Products",detailed
41,9011,Demonstrators and Product Promoters,detailed
41,9021,Real Estate Brokers,detailed
41,9022,Real Estate Sales Agents,detailed
41,9031,Sales Engineers,detailed
41,9041,Telemarketers,detailed
41,9099,"Sales and Related Workers, All Other",detailed
43,1011,First-Line Supervisors of Office and Administrative Support Workers,detailed
43,2011,"Switchboard Operators, Including Answering Service",detailed
43,2021,Telephone Operators,detailed
43,3011,Bill and Account Collectors,detailed
43,3021,Billing and Posting Clerks,detailed
43,3031,"Bookkeeping, Accounting, and Auditing Clerks",detailed
43,3051,Payroll and Timekeeping Clerks,detailed
43,3061,Procurement Clerks,detailed
43,3071,Tellers,detailed
43,3099,"Financial Clerks, All Other",detailed
43,4011,Brokerage Clerks,detailed
43,4021,Correspondence Clerks,detailed
43,4031,"Court, Municipal, and License Clerks",detailed
43,4041,"Credit Authorizers, Checkers, and Clerks",detailed
43,4051,Customer Service Representatives,detailed
43,4061,"Eligibility Interviewers, Government Programs",detailed
43,4071,File Clerks,detailed
43,4081,"Hotel, Motel, and Resort Desk Clerks",detailed
43,4111,"Interviewers, Except Eligibility and Loan",detailed
43,4121,"Library Assistants, Clerical",detailed
43,4131,Loan Interviewers and Clerks,detailed
43,4141,New Accounts Clerks,detailed
43,4151,Order Clerks,detailed
43,4161,"Human Resources Assistants, Except Payroll and Timekeeping",detailed
43,4171,Receptionists and Information Clerks,detailed
43,4181,Reservation and Transportation Ticket Agents and Travel Clerks,detailed
43,4199,"Information and Record Clerks, All Other",detailed
43,5011,Cargo and Freight Agents,detailed
43,5021,Couriers and Messengers,detailed
43,5031,"Police, Fire, and Ambulance Dispatchers",detailed
43,5032,"Dispatchers, Except Police, Fire, and Ambulance",detailed
43,5041,"Meter Readers, Utilities",detailed
43,5051,Postal Service Clerks,detailed
43,5052,Postal Service Mail Carriers,detailed
43,5053,"Postal Service Mail Sorters, Processors, and Processing Machine Operators",detailed
43,5061,"Production, Planning, and Expediting Clerks",detailed
43,5071,"Shipping, Receiving, and Traffic Clerks",detailed
43,5081,Stock Clerks and Order Fillers,detailed
43,5111,"Weighers, Measurers, Checkers, and Samplers, Recordkeeping",detailed
43,6011,Executive Secretaries and Executive Administrative Assistants,detailed
43,6012,Legal Secretaries,detailed
43,6013,Medical Secretaries,detailed
43,6014,"Secretaries and Administrative Assistants, Except Legal, Medical, and Executive",detailed
43,9011,Computer Operators,detailed
43,9021,Data Entry Keyers,detailed
43,9022,Word Processors and Typists,detailed
43,9031,Desktop Publishers,detailed
43,9041,Insurance Claims and Policy Processing Clerks,detailed
43,9051,"Mail Clerks and Mail Machine Operators, Except Postal Service",detailed
43,9061,"Office Clerks, General",detailed
43,9071,"Office Machine Operators, Except Computer",detailed
43,9111,Statistical Assistants,detailed
43,9199,"Office and Administrative Support Workers, All Other",detailed
45,1011,"First-Line Supervisors of Farming, Fishing, and Forestry Workers",detailed
45,2011,Agricultural Inspectors,detailed
45,2041,"Graders and Sorters, Agricultural Products",detailed
45,2091,Agricultural Equipment Operators,detailed
45,2092,"Farmworkers and Laborers, Crop, Nursery, and Greenhouse",detailed
45,2093,"Farmworkers, Farm, Ranch, and Aquacultural Animals",detailed
45,2099,"Agricultural Workers, All Other",detailed
45,4011,Forest and Conservation Workers,detailed
45,4021,Fallers,detailed
45,4022,Logging Equipment Operators,detailed
45,4023,Log Graders and Scalers,detailed
45,4029,"Logging Workers, All Other",detailed
47,1011,First-Line Supervisors of Construction Trades and Extraction Workers,detailed
47,2011,Boilermakers,detailed
47,2021,Brickmasons and Blockmasons,detailed
47,2022,Stonemasons,detailed
47,2031,Carpenters,detailed
47,2041,Carpet Installers,detailed
47,2042,"Floor Layers, Except Carpet, Wood, and Hard Tiles",detailed
47,2043,Floor Sanders and Finishers,detailed
47,2044,Tile and Marble Setters,detailed
47,2051,Cement Masons and Concrete Finishers,detailed
47,2061,Construction Laborers,detailed
47,2071,"Paving, Surfacing, and Tamping Equipment Operators",detailed
47,2073,Operating Engineers and Other Construction Equipment Operators,detailed
47,2081,Drywall and Ceiling Tile Installers,detailed
47,2111,Electricians,detailed
47,2121,Glaziers,detailed
47,2131,"Insulation Workers, Floor, Ceiling, and Wall",detailed
47,2132,"Insulation Workers, Mechanical",detailed
47,2141,"Painters, Construction and Maintenance",detailed
47,2151,Pipelayers,detailed
47,2152,"Plumbers, Pipefitters, and Steamfitters",detailed
47,2161,Plasterers and Stucco Masons,detailed
47,2181,Roofers,detailed
47,2211,Sheet Metal Workers,detailed
47,2221,Structural Iron and Steel Workers,detailed
47,3011,"Helpers--Brickmasons, Blockmasons, Stonemasons, and Tile and Marble Setters",detailed
47,3012,Helpers--Carpenters,detailed
47,3013,Helpers--Electricians,detailed
47,3014,"Helpers--Painters, Paperhangers, Plasterers, and Stucco Masons",detailed
47,3015,"Helpers--Pipelayers, Plumbers, Pipefitters, and Steamfitters",detailed
47,3016,Helpers--Roofers,detailed
47,3019,"Helpers, Construction Trades, All Other",detailed
47,4011,Construction and Building Inspectors,detailed
47,4021,Elevator Installers and Repairers,detailed
47,4031,Fence Erectors,detailed
47,4041,Hazardous Materials Removal Workers,detailed
47,4051,Highway Maintenance Workers,detailed
47,4061,Rail-Track Laying and Maintenance Equipment Operators,detailed
47,4071,Septic Tank Servicers and Sewer Pipe Cleaners,detailed
47,4099,"Construction and Related Workers, All Other",detailed
47,5012,"Rotary Drill Operators, Oil and Gas",detailed
47,5013,"Service Unit Operators, Oil, Gas, and Mining",detailed
47,5021,"Earth Drillers, Except Oil and Gas",detailed
47,5031,"Explosives Workers, Ordnance Handling Experts, and Blasters",detailed
47,5041,Continuous Mining Machine Operators,detailed
47,5042,Mine Cutting and Channeling Machine Operators,detailed
47,5049,"Mining Machine Operators, All Other",detailed
47,5071,"Roustabouts, Oil and Gas",detailed
47,5081,Helpers--Extraction Workers,detailed
47,5099,"Extraction Workers, All Other",detailed
49,1011,"First-Line Supervisors of Mechanics, Installers, and Repairers",detailed
49,2011,"Computer, Automated Teller, and Office Machine Repairers",detailed
49,2021,"Radio, Cellular, and Tower Equipment Installers and Repairers",detailed
49,2022,"Telecommunications Equipment Installers and Repairers, Except Line Installers",detailed
49,2091,Avionics Technicians,detailed
49,2092,"Electric Motor, Power Tool, and Related Repairers",detailed
49,2093,"Electrical and Electronics Installers and Repairers, Transportation Equipment",detailed
49,2094,"Electrical and Electronics Repairers, Commercial and Industrial Equipment",detailed
49,2095,"Electrical and Electronics Repairers, Powerhouse, Substation, and Relay",detailed
49,2096,"Electronic Equipment Installers and Repairers, Motor Vehicles",detailed
49,2097,Electronic Home Entertainment Equipment Installers and Repairers,detailed
49,2098,Security and Fire Alarm Systems Installers,detailed
49,3011,Aircraft Mechanics and Service Technicians,detailed
49,3021,Automotive Body and Related Repairers,detailed
49,3022,Automotive Glass Installers and Repairers,detailed
49,3023,Automotive Service Technicians and Mechanics,detailed
49,3031,Bus and Truck Mechanics and Diesel Engine Specialists,detailed
49,3041,Farm Equipment Mechanics and Service Technicians,detailed
49,3042,"Mobile Heavy Equipment Mechanics, Except Engines",detailed
49,3043,Rail Car Repairers,detailed
49,3051,Motorboat Mechanics and Service Technicians,detailed
49,3052,Motorcycle Mechanics,detailed
49,3053,Outdoor Power Equipment and Other Small Engine Mechanics,detailed
49,3091,Bicycle Repairers,detailed
49,3092,Recreational Vehicle Service Technicians,detailed
49,3093,Tire Repairers and Changers,detailed
49,9011,Mechanical Door Repairers,detailed
49,9012,"Control and Valve Installers and Repairers, Except Mechanical Door",detailed
49,9021,"Heating, Air Conditioning, and Refrigeration Mechanics and Installers",detailed
49,9031,Home Appliance Repairers,detailed
49,9041,Industrial Machinery Mechanics,detailed
49,9043,"Maintenance Workers, Machinery",detailed
49,9044,Millwrights,detailed
49,9045,"Refractory Materials Repairers, Except Brickmasons",detailed
49,9051,Electrical Power-Line Installers and Repairers,detailed
49,9052,Telecommunications Line Installers and Repairers,detailed
49,9062,Medical Equipment Repairers,detailed
49,9063,Musical Instrument Repairers and Tuners,detailed
49,9064,Watch Repairers,detailed
49,9069,"Precision Instrument and Equipment Repairers, All Other",detailed
49,9071,"Maintenance and Repair Workers, General",detailed
49,9091,"Coin, Vending, and Amusement Machine Servicers and Repairers",detailed
49,9092,Commercial Divers,detailed
49,9094,Locksmiths and Safe Repairers,detailed
49,9095,Manufactured Building and Mobile Home Installers,detailed
49,9096,Riggers,detailed
49,9098,"Helpers--Installation, Maintenance, and Repair Workers",detailed
49,9099,"Installation, Maintenance, and Repair Workers, All Other",detailed
51,1011,First-Line Supervisors of Production and Operating Workers,detailed
51,2011,"Aircraft Structure, Surfaces, Rigging, and Systems Assemblers",detailed
51,2021,"Coil Winders, Tapers, and Finishers",detailed
51,2022,Electrical and Electronic Equipment Assemblers,detailed
51,2023,Electromechanical Equipment Assemblers,detailed
51,2031,Engine and Other Machine Assemblers,detailed
51,2041,Structural Metal Fabricators and Fitters,detailed
51,2091,Fiberglass Laminators and Fabricators,detailed
51,2092,Team Assemblers,detailed
51,2099,"Assemblers and Fabricators, All Other",detailed
51,3011,Bakers,detailed
51,3021,Butchers and Meat Cutters,detailed
51,3022,"Meat, Poultry, and Fish Cutters and Trimmers",detailed
51,3023,Slaughterers and Meat Packers,detailed
51,3091,"Food and Tobacco Roasting, Baking, and Drying Machine Operators and Tenders",detailed
51,3092,Food Batchmakers,detailed
51,3093,Food Cooking Machine Operators and Tenders,detailed
51,3099,"Food Processing Workers, All Other",detailed
51,4011,"Computer-Controlled Machine Tool Operators, Metal and Plastic",detailed
51,4012,"Computer Numerically Controlled Machine Tool Programmers, Metal and Plastic",detailed
51,4021,"Extruding and Drawing Machine Setters, Operators, and Tenders, Metal and Plastic",detailed
51,4022,"Forging Machine Setters, Operators, and Tenders, Metal and Plastic",detailed
51,4023,"Rolling Machine Setters, Operators, and Tenders, Metal and Plastic",detailed
51,4031,"Cutting, Punching, and Press Machine Setters, Operators, and Tenders, Metal and Plastic",detailed
51,4032,"Drilling and Boring Machine Tool Setters, Operators, and Tenders, Metal and Plastic",detailed
51,4033,"Grinding, Lapping, Polishing, and Buffing Machine Tool Setters, Operators, and Tenders, Metal and Plastic",detailed
51,4034,"Lathe and Turning Machine Tool Setters, Operators, and Tenders, Metal and Plastic",detailed
51,4035,"Milling and Planing Machine Setters, Operators, and Tenders, Metal and Plastic",detailed
51,4041,Machinists,detailed
51,4051,Metal-Refining Furnace Operators and Tenders,detailed
51,4052,"Pourers and Casters, Metal",detailed
51,4061,"Model Makers, Metal and Plastic",detailed
51,4062,"Patternmakers, Metal and Plastic",detailed
51,4071,Foundry Mold and Coremakers,detailed
51,4072,"Molding, Coremaking, and Casting Machine Setters, Operators, and Tenders, Metal and Plastic",detailed
51,4081,"Multiple Machine Tool Setters, Operators, and Tenders, Metal and Plastic",detailed
51,4111,Tool and Die Makers,detailed
51,4121,"Welders, Cutters, Solderers, and Brazers",detailed
51,4122,"Welding, Soldering, and Brazing Machine Setters, Operators, and Tenders",detailed
51,4191,"Heat Treating Equipment Setters, Operators, and Tenders, Metal and Plastic",detailed
51,4192,"Layout Workers, Metal and Plastic",detailed
51,4193,"Plating and Coating Machine Setters, Operators, and Tenders, Metal and Plastic",detailed
51,4194,"Tool Grinders, Filers, and Sharpeners",detailed
51,5111,Prepress Technicians and Workers,detailed
51,5112,Printing Press Operators,detailed
51,5113,Print Binding and Finishing Workers,detailed
51,6011,Laundry and Dry-Cleaning Workers,detailed
51,6021,"Pressers, Textile, Garment, and Related Materials",detailed
51,6031,Sewing Machine Operators,detailed
51,6041,Shoe and Leather Workers and Repairers,detailed
51,6051,"Sewers, Hand",detailed
51,6052,"Tailors, Dressmakers, and Custom Sewers",detailed
51,6061,Textile Bleaching and Dyeing Machine Operators and Tenders,detailed
51,6062,"Textile Cutting Machine Setters, Operators, and Tenders",detailed
51,6063,"Textile Knitting and Weaving Machine Setters, Operators, and Tenders",detailed
51,6064,"Textile Winding, Twisting, and Drawing Out Machine Setters, Operators, and Tenders",detailed
51,6091,"Extruding and Forming Machine Setters, Operators, and Tenders, Synthetic and Glass Fibers",detailed
51,6093,Upholsterers,detailed
51,6099,"Textile, Apparel, and Furnishings Workers, All Other",detailed
51,7011,Cabinetmakers and Bench Carpenters,detailed
51,7021,Furniture Finishers,detailed
51,7041,"Sawing Machine Setters, Operators, and Tenders, Wood",detailed
51,7042,"Woodworking Machine Setters, Operators, and Tenders, Except Sawing",detailed
51,7099,"Woodworkers, All Other",detailed
51,8012,Power Distributors and Dispatchers,detailed
51,8013,Power Plant Operators,detailed
51,8021,Stationary Engineers and Boiler Operators,detailed
51,8031,Water and Wastewater Treatment Plant and System Operators,detailed
51,8091,Chemical Plant and System Operators,detailed
51,8092,Gas Plant Operators,detailed
51,8093,"Petroleum Pump System Operators, Refinery Operators, and Gaugers",detailed
51,8099,"Plant and System Operators, All Other",detailed
51,9011,Chemical Equipment Operators and Tenders,detailed
51,9012,"Separating, Filtering, Clarifying, Precipitating, and Still Machine Setters, Operators, and Tenders",detailed
51,9021,"Crushing, Grinding, and Polishing Machine Setters, Operators, and Tenders",detailed
51,9022,"Grinding and Polishing Workers, Hand",detailed
51,9023,"Mixing and Blending Machine Setters, Operators, and Tenders",detailed
51,9031,"Cutters and Trimmers, Hand",detailed
51,9032,"Cutting and Slicing Machine Setters, Operators, and Tenders",detailed
51,9041,"Extruding, Forming, Pressing, and Compacting Machine Setters, Operators, and Tenders",detailed
51,9051,"Furnace, Kiln, Oven, Drier, and Kettle Operators and Tenders",detailed
51,9061,"Inspectors, Testers, Sorters, Samplers, and Weighers",detailed
51,9071,Jewelers and Precious Stone and Metal Workers,detailed
51,9081,Dental Laboratory Technicians,detailed
51,9082,Medical Appliance Technicians,detailed
51,9083,Ophthalmic Laboratory Technicians,detailed
51,9111,Packaging and Filling Machine Operators and Tenders,detailed
51,9121,"Coating, Painting, and Spraying Machine Setters, Operators, and Tenders",detailed
51,9122,"Painters, Transportation Equipment",detailed
51,9123,"Painting, Coating, and Decorating Workers",detailed
51,9151,Photographic Process Workers and Processing Machine Operators,detailed
51,9191,Adhesive Bonding Machine Operators and Tenders,detailed
51,9192,"Cleaning, Washing, and Metal Pickling Equipment Operators and Tenders",detailed
51,9193,Cooling and Freezing Equipment Operators and Tenders,detailed
51,9194,Etchers and Engravers,detailed
51,9195,"Molders, Shapers, and Casters, Except Metal and Plastic",detailed
51,9196,"Paper Goods Machine Setters, Operators, and Tenders",detailed
51,9197,Tire Builders,detailed
51,9198,Helpers--Production Workers,detailed
51,9199,"Production Workers, All Other",detailed
53,1011,Aircraft Cargo Handling Supervisors,detailed
53,1021,"First-Line Supervisors of Helpers, Laborers, and Material Movers, Hand",detailed
53,1031,First-Line Supervisors of Transportation and Material-Moving Machine and Vehicle Operators,detailed
53,2011,"Airline Pilots, Copilots, and Flight Engineers",detailed
53,2012,Commercial Pilots,detailed
53,2021,Air Traffic Controllers,detailed
53,2022,Airfield Operations Specialists,detailed
53,3011,"Ambulance Drivers and Attendants, Except Emergency Medical Technicians",detailed
53,3021,"Bus Drivers, Transit and Intercity",detailed
53,3022,"Bus Drivers, School or Special Client",detailed
53,3031,Driver/Sales Workers,detailed
53,3032,Heavy and Tractor-Trailer Truck Drivers,detailed
53,3033,Light Truck or Delivery Services Drivers,detailed
53,3041,Taxi Drivers and Chauffeurs,detailed
53,3099,"Motor Vehicle Operators, All Other",detailed
53,4011,Locomotive Engineers,detailed
53,4013,"Rail Yard Engineers, Dinkey Operators, and Hostlers",detailed
53,4021,"Railroad Brake, Signal, and Switch Operators",detailed
53,4031,Railroad Conductors and Yardmasters,detailed
53,5011,Sailors and Marine Oilers,detailed
53,5021,"Captains, Mates, and Pilots of Water Vessels",detailed
53,6021,Parking Lot Attendants,detailed
53,6031,Automotive and Watercraft Service Attendants,detailed
53,6051,Transportation Inspectors,detailed
53,6099,"Transportation Workers, All Other",detailed
53,7011,Conveyor Operators and Tenders,detailed
53,7021,Crane and Tower Operators,detailed
53,7032,Excavating and Loading Machine and Dragline Operators,detailed
53,7033,"Loading Machine Operators, Underground Mining",detailed
53,7041,Hoist and Winch Operators,detailed
53,7051,Industrial Truck and Tractor Operators,detailed
53,7061,Cleaners of Vehicles and Equipment,detailed
53,7062,"Laborers and Freight, Stock, and Material Movers, Hand",detailed
53,7063,Machine Feeders and Offbearers,detailed
53,7064,"Packers and Packagers, Hand",detailed
53,7071,Gas Compressor and Gas Pumping Station Operators,detailed
53,7072,"Pump Operators, Except Wellhead Pumpers",detailed
53,7081,Refuse and Recyclable Material Collectors,detailed
53,7111,Mine Shuttle Car Operators,detailed
53,7121,"Tank Car, Truck, and Ship Loaders",detailed
53,7199,"Material Moving Workers, All Other",detailed
19,2043,Hydrologists,detailed
19,3011,Economists,detailed
19,4061,Social Science Research Assistants,detailed
25,1071,"Health Specialties Teachers, Postsecondary",detailed
27,3099,"Media and Communication Workers, All Other",detailed
29,1129,"Therapists, All Other",detailed
29,1161,Nurse Midwives,detailed
29,1199,"Health Diagnosing and Treating Practitioners, All Other",detailed
37,2019,"Building Cleaning Workers, All Other",detailed
39,3011,Gaming Dealers,detailed
39,3031,"Ushers, Lobby Attendants, and Ticket Takers",detailed
41,2012,Gaming Change Persons and Booth Cashiers,detailed
41,9091,"Door-to-Door Sales Workers, News and Street Vendors, and Related Workers",detailed
43,2099,"Communications Equipment Operators, All Other",detailed
45,3011,Fishers and Related Fishing Workers,detailed
47,2072,Pile-Driver Operators,detailed
47,2082,Tapers,detailed
47,5011,"Derrick Operators, Oil and Gas",detailed
53,2031,Flight Attendants,detailed
53,5022,Motorboat Operators,detailed
53,5031,Ship Engineers,detailed
53,6061,"Transportation Attendants, Except Flight Attendants",detailed
11,9013,"Farmers, Ranchers, and Other Agricultural Managers",detailed
11,9071,Gaming Managers,detailed
13,1011,"Agents and Business Managers of Artists, Performers, and Athletes",detailed
19,1012,Food Scientists and Technologists,detailed
19,3022,Survey Researchers,detailed
19,3041,Sociologists,detailed
19,3094,Political Scientists,detailed
23,1012,Judicial Law Clerks,detailed
25,1043,"Forestry and Conservation Science Teachers, Postsecondary",detailed
25,1061,"Anthropology and Archeology Teachers, Postsecondary",detailed
25,1062,"Area, Ethnic, and Cultural Studies Teachers, Postsecondary",detailed
25,1069,"Social Sciences Teachers, Postsecondary, All Other",detailed
27,1013,"Fine Artists, Including Painters, Sculptors, and Illustrators",detailed
27,1027,Set and Exhibit Designers,detailed
27,1029,"Designers, All Other",detailed
27,2011,Actors,detailed
27,2021,Athletes and Sports Competitors,detailed
27,2099,"Entertainers and Performers, Sports and Related Workers, All Other",detailed
29,1029,"Dentists, All Other Specialists",detailed
33,9031,Gaming Surveillance Officers and Gaming Investigators,detailed
39,3019,"Gaming Service Workers, All Other",detailed
39,7012,Travel Guides,detailed
41,9012,Models,detailed
43,3041,Gaming Cage Workers,detailed
43,9081,Proofreaders and Copy Markers,detailed
47,2142,Paperhangers,detailed
47,2171,Reinforcing Iron and Rebar Workers,detailed
47,2231,Solar Photovoltaic Installers,detailed
47,5051,"Rock Splitters, Quarry",detailed
49,9061,Camera and Photographic Equipment Repairers,detailed
49,9097,Signal and Track Switch Repairers,detailed
51,4199,"Metal Workers and Plastic Workers, All Other",detailed
51,9141,Semiconductor Processors,detailed
53,6041,Traffic Technicians,detailed
17,2021,Agricultural Engineers,detailed
19,1011,Animal Scientists,detailed
51,6042,Shoe Machine Operators and Tenders,detailed
53,4012,Locomotive Firers,detailed
53,7073,Wellhead Pumpers,detailed
13,1074,Farm Labor Contractors,detailed
15,2021,Mathematicians,detailed
17,2121,Marine Engineers and Naval Architects,detailed
19,2011,Astronomers,detailed
19,3032,Industrial-Organizational Psychologists,detailed
19,3092,Geographers,detailed
27,1022,Fashion Designers,detailed
27,2031,Dancers,detailed
27,2032,Choreographers,detailed
29,1024,Prosthodontists,detailed
29,9092,Genetic Counselors,detailed
33,3052,Transit and Railroad Police,detailed
39,3092,Costume Attendants,detailed
39,5011,Barbers,detailed
39,5091,"Makeup Artists, Theatrical and Performance",detailed
45,2021,Animal Breeders,detailed
47,2053,Terrazzo Workers and Finishers,detailed
49,9081,Wind Turbine Service Technicians,detailed
49,9093,"Fabric Menders, Except Garment",detailed
51,6092,Fabric and Apparel Patternmakers,detailed
51,7031,"Model Makers, Wood",detailed
51,7032,"Patternmakers, Wood",detailed
51,8011,Nuclear Power Reactor Operators,detailed
53,4041,Subway and Streetcar Operators,detailed
53,4099,"Rail Transportation Workers, All Other",detailed
53,6011,Bridge and Lock Tenders,detailed
53,7031,Dredge Operators,detailed
15,2099,"Mathematical Science Occupations, All Other",detailed
47,5061,"Roof Bolters, Mining",detailed
27,4013,Radio Operators,detailed
15,2091,Mathematical Technicians,detailed
47,4091,Segmental Pavers,detailed
51,2093,Timing Device Assemblers and Adjusters,detailed
35,2013,"Cooks, Private Household",detailed
