C,h,i,e,f, ,E,x,e,c,u,t,i,v,e,s
G,e,n,e,r,a,l, ,a,n,d, ,O,p,e,r,a,t,i,o,n,s, ,M,a,n,a,g,e,r,s
L,e,g,i,s,l,a,t,o,r,s
A,d,v,e,r,t,i,s,i,n,g, ,a,n,d, ,P,r,o,m,o,t,i,o,n,s, ,M,a,n,a,g,e,r,s
M,a,r,k,e,t,i,n,g, ,M,a,n,a,g,e,r,s
S,a,l,e,s, ,M,a,n,a,g,e,r,s
P,u,b,l,i,c, ,R,e,l,a,t,i,o,n,s, ,a,n,d, ,F,u,n,d,r,a,i,s,i,n,g, ,M,a,n,a,g,e,r,s
A,d,m,i,n,i,s,t,r,a,t,i,v,e, ,S,e,r,v,i,c,e,s, ,M,a,n,a,g,e,r,s
C,o,m,p,u,t,e,r, ,a,n,d, ,I,n,f,o,r,m,a,t,i,o,n, ,S,y,s,t,e,m,s, ,M,a,n,a,g,e,r,s
F,i,n,a,n,c,i,a,l, ,M,a,n,a,g,e,r,s
I,n,d,u,s,t,r,i,a,l, ,P,r,o,d,u,c,t,i,o,n, ,M,a,n,a,g,e,r,s
P,u,r,c,h,a,s,i,n,g, ,M,a,n,a,g,e,r,s
T,r,a,n,s,p,o,r,t,a,t,i,o,n,",", ,S,t,o,r,a,g,e,",", ,a,n,d, ,D,i,s,t,r,i,b,u,t,i,o,n, ,M,a,n,a,g,e,r,s
C,o,m,p,e,n,s,a,t,i,o,n, ,a,n,d, ,B,e,n,e,f,i,t,s, ,M,a,n,a,g,e,r,s
H,u,m,a,n, ,R,e,s,o,u,r,c,e,s, ,M,a,n,a,g,e,r,s
T,r,a,i,n,i,n,g, ,a,n,d, ,D,e,v,e,l,o,p,m,e,n,t, ,M,a,n,a,g,e,r,s
C,o,n,s,t,r,u,c,t,i,o,n, ,M,a,n,a,g,e,r,s
E,d,u,c,a,t,i,o,n, ,A,d,m,i,n,i,s,t,r,a,t,o,r,s,",", ,P,r,e,s,c,h,o,o,l, ,a,n,d, ,C,h,i,l,d,c,a,r,e, ,C,e,n,t,e,r,/,P,r,o,g,r,a,m
E,d,u,c,a,t,i,o,n, ,A,d,m,i,n,i,s,t,r,a,t,o,r,s,",", ,E,l,e,m,e,n,t,a,r,y, ,a,n,d, ,S,e,c,o,n,d,a,r,y, ,S,c,h,o,o,l
E,d,u,c,a,t,i,o,n, ,A,d,m,i,n,i,s,t,r,a,t,o,r,s,",", ,P,o,s,t,s,e,c,o,n,d,a,r,y
E,d,u,c,a,t,i,o,n, ,A,d,m,i,n,i,s,t,r,a,t,o,r,s,",", ,A,l,l, ,O,t,h,e,r
A,r,c,h,i,t,e,c,t,u,r,a,l, ,a,n,d, ,E,n,g,i,n,e,e,r,i,n,g, ,M,a,n,a,g,e,r,s
F,o,o,d, ,S,e,r,v,i,c,e, ,M,a,n,a,g,e,r,s
F,u,n,e,r,a,l, ,S,e,r,v,i,c,e, ,M,a,n,a,g,e,r,s
L,o,d,g,i,n,g, ,M,a,n,a,g,e,r,s
M,e,d,i,c,a,l, ,a,n,d, ,H,e,a,l,t,h, ,S,e,r,v,i,c,e,s, ,M,a,n,a,g,e,r,s
N,a,t,u,r,a,l, ,S,c,i,e,n,c,e,s, ,M,a,n,a,g,e,r,s
P,o,s,t,m,a,s,t,e,r,s, ,a,n,d, ,M,a,i,l, ,S,u,p,e,r,i,n,t,e,n,d,e,n,t,s
P,r,o,p,e,r,t,y,",", ,R,e,a,l, ,E,s,t,a,t,e,",", ,a,n,d, ,C,o,m,m,u,n,i,t,y, ,A,s,s,o,c,i,a,t,i,o,n, ,M,a,n,a,g,e,r,s
S,o,c,i,a,l, ,a,n,d, ,C,o,m,m,u,n,i,t,y, ,S,e,r,v,i,c,e, ,M,a,n,a,g,e,r,s
E,m,e,r,g,e,n,c,y, ,M,a,n,a,g,e,m,e,n,t, ,D,i,r,e,c,t,o,r,s
M,a,n,a,g,e,r,s,",", ,A,l,l, ,O,t,h,e,r
B,u,y,e,r,s, ,a,n,d, ,P,u,r,c,h,a,s,i,n,g, ,A,g,e,n,t,s,",", ,F,a,r,m, ,P,r,o,d,u,c,t,s
W,h,o,l,e,s,a,l,e, ,a,n,d, ,R,e,t,a,i,l, ,B,u,y,e,r,s,",", ,E,x,c,e,p,t, ,F,a,r,m, ,P,r,o,d,u,c,t,s
P,u,r,c,h,a,s,i,n,g, ,A,g,e,n,t,s,",", ,E,x,c,e,p,t, ,W,h,o,l,e,s,a,l,e,",", ,R,e,t,a,i,l,",", ,a,n,d, ,F,a,r,m, ,P,r,o,d,u,c,t,s
C,l,a,i,m,s, ,A,d,j,u,s,t,e,r,s,",", ,E,x,a,m,i,n,e,r,s,",", ,a,n,d, ,I,n,v,e,s,t,i,g,a,t,o,r,s
I,n,s,u,r,a,n,c,e, ,A,p,p,r,a,i,s,e,r,s,",", ,A,u,t,o, ,D,a,m,a,g,e
C,o,m,p,l,i,a,n,c,e, ,O,f,f,i,c,e,r,s
C,o,s,t, ,E,s,t,i,m,a,t,o,r,s
H,u,m,a,n, ,R,e,s,o,u,r,c,e,s, ,S,p,e,c,i,a,l,i,s,t,s
L,a,b,o,r, ,R,e,l,a,t,i,o,n,s, ,S,p,e,c,i,a,l,i,s,t,s
L,o,g,i,s,t,i,c,i,a,n,s
M,a,n,a,g,e,m,e,n,t, ,A,n,a,l,y,s,t,s
M,e,e,t,i,n,g,",", ,C,o,n,v,e,n,t,i,o,n,",", ,a,n,d, ,E,v,e,n,t, ,P,l,a,n,n,e,r,s
F,u,n,d,r,a,i,s,e,r,s
C,o,m,p,e,n,s,a,t,i,o,n,",", ,B,e,n,e,f,i,t,s,",", ,a,n,d, ,J,o,b, ,A,n,a,l,y,s,i,s, ,S,p,e,c,i,a,l,i,s,t,s
T,r,a,i,n,i,n,g, ,a,n,d, ,D,e,v,e,l,o,p,m,e,n,t, ,S,p,e,c,i,a,l,i,s,t,s
M,a,r,k,e,t, ,R,e,s,e,a,r,c,h, ,A,n,a,l,y,s,t,s, ,a,n,d, ,M,a,r,k,e,t,i,n,g, ,S,p,e,c,i,a,l,i,s,t,s
B,u,s,i,n,e,s,s, ,O,p,e,r,a,t,i,o,n,s, ,S,p,e,c,i,a,l,i,s,t,s,",", ,A,l,l, ,O,t,h,e,r
A,c,c,o,u,n,t,a,n,t,s, ,a,n,d, ,A,u,d,i,t,o,r,s
A,p,p,r,a,i,s,e,r,s, ,a,n,d, ,A,s,s,e,s,s,o,r,s, ,o,f, ,R,e,a,l, ,E,s,t,a,t,e
B,u,d,g,e,t, ,A,n,a,l,y,s,t,s
C,r,e,d,i,t, ,A,n,a,l,y,s,t,s
F,i,n,a,n,c,i,a,l, ,A,n,a,l,y,s,t,s
P,e,r,s,o,n,a,l, ,F,i,n,a,n,c,i,a,l, ,A,d,v,i,s,o,r,s
I,n,s,u,r,a,n,c,e, ,U,n,d,e,r,w,r,i,t,e,r,s
F,i,n,a,n,c,i,a,l, ,E,x,a,m,i,n,e,r,s
C,r,e,d,i,t, ,C,o,u,n,s,e,l,o,r,s
L,o,a,n, ,O,f,f,i,c,e,r,s
T,a,x, ,E,x,a,m,i,n,e,r,s, ,a,n,d, ,C,o,l,l,e,c,t,o,r,s,",", ,a,n,d, ,R,e,v,e,n,u,e, ,A,g,e,n,t,s
T,a,x, ,P,r,e,p,a,r,e,r,s
F,i,n,a,n,c,i,a,l, ,S,p,e,c,i,a,l,i,s,t,s,",", ,A,l,l, ,O,t,h,e,r
C,o,m,p,u,t,e,r, ,a,n,d, ,I,n,f,o,r,m,a,t,i,o,n, ,R,e,s,e,a,r,c,h, ,S,c,i,e,n,t,i,s,t,s
C,o,m,p,u,t,e,r, ,S,y,s,t,e,m,s, ,A,n,a,l,y,s,t,s
I,n,f,o,r,m,a,t,i,o,n, ,S,e,c,u,r,i,t,y, ,A,n,a,l,y,s,t,s
C,o,m,p,u,t,e,r, ,P,r,o,g,r,a,m,m,e,r,s
S,o,f,t,w,a,r,e, ,D,e,v,e,l,o,p,e,r,s,",", ,A,p,p,l,i,c,a,t,i,o,n,s
S,o,f,t,w,a,r,e, ,D,e,v,e,l,o,p,e,r,s,",", ,S,y,s,t,e,m,s, ,S,o,f,t,w,a,r,e
W,e,b, ,D,e,v,e,l,o,p,e,r,s
D,a,t,a,b,a,s,e, ,A,d,m,i,n,i,s,t,r,a,t,o,r,s
N,e,t,w,o,r,k, ,a,n,d, ,C,o,m,p,u,t,e,r, ,S,y,s,t,e,m,s, ,A,d,m,i,n,i,s,t,r,a,t,o,r,s
C,o,m,p,u,t,e,r, ,N,e,t,w,o,r,k, ,A,r,c,h,i,t,e,c,t,s
C,o,m,p,u,t,e,r, ,U,s,e,r, ,S,u,p,p,o,r,t, ,S,p,e,c,i,a,l,i,s,t,s
C,o,m,p,u,t,e,r, ,N,e,t,w,o,r,k, ,S,u,p,p,o,r,t, ,S,p,e,c,i,a,l,i,s,t,s
C,o,m,p,u,t,e,r, ,O,c,c,u,p,a,t,i,o,n,s,",", ,A,l,l, ,O,t,h,e,r
A,c,t,u,a,r,i,e,s
O,p,e,r,a,t,i,o,n,s, ,R,e,s,e,a,r,c,h, ,A,n,a,l,y,s,t,s
S,t,a,t,i,s,t,i,c,i,a,n,s
A,r,c,h,i,t,e,c,t,s,",", ,E,x,c,e,p,t, ,L,a,n,d,s,c,a,p,e, ,a,n,d, ,N,a,v,a,l
L,a,n,d,s,c,a,p,e, ,A,r,c,h,i,t,e,c,t,s
C,a,r,t,o,g,r,a,p,h,e,r,s, ,a,n,d, ,P,h,o,t,o,g,r,a,m,m,e,t,r,i,s,t,s
S,u,r,v,e,y,o,r,s
A,e,r,o,s,p,a,c,e, ,E,n,g,i,n,e,e,r,s
B,i,o,m,e,d,i,c,a,l, ,E,n,g,i,n,e,e,r,s
C,h,e,m,i,c,a,l, ,E,n,g,i,n,e,e,r,s
C,i,v,i,l, ,E,n,g,i,n,e,e,r,s
C,o,m,p,u,t,e,r, ,H,a,r,d,w,a,r,e, ,E,n,g,i,n,e,e,r,s
E,l,e,c,t,r,i,c,a,l, ,E,n,g,i,n,e,e,r,s
E,l,e,c,t,r,o,n,i,c,s, ,E,n,g,i,n,e,e,r,s,",", ,E,x,c,e,p,t, ,C,o,m,p,u,t,e,r
E,n,v,i,r,o,n,m,e,n,t,a,l, ,E,n,g,i,n,e,e,r,s
H,e,a,l,t,h, ,a,n,d, ,S,a,f,e,t,y, ,E,n,g,i,n,e,e,r,s,",", ,E,x,c,e,p,t, ,M,i,n,i,n,g, ,S,a,f,e,t,y, ,E,n,g,i,n,e,e,r,s, ,a,n,d, ,I,n,s,p,e,c,t,o,r,s
I,n,d,u,s,t,r,i,a,l, ,E,n,g,i,n,e,e,r,s
M,a,t,e,r,i,a,l,s, ,E,n,g,i,n,e,e,r,s
M,e,c,h,a,n,i,c,a,l, ,E,n,g,i,n,e,e,r,s
M,i,n,i,n,g, ,a,n,d, ,G,e,o,l,o,g,i,c,a,l, ,E,n,g,i,n,e,e,r,s,",", ,I,n,c,l,u,d,i,n,g, ,M,i,n,i,n,g, ,S,a,f,e,t,y, ,E,n,g,i,n,e,e,r,s
N,u,c,l,e,a,r, ,E,n,g,i,n,e,e,r,s
P,e,t,r,o,l,e,u,m, ,E,n,g,i,n,e,e,r,s
E,n,g,i,n,e,e,r,s,",", ,A,l,l, ,O,t,h,e,r
A,r,c,h,i,t,e,c,t,u,r,a,l, ,a,n,d, ,C,i,v,i,l, ,D,r,a,f,t,e,r,s
E,l,e,c,t,r,i,c,a,l, ,a,n,d, ,E,l,e,c,t,r,o,n,i,c,s, ,D,r,a,f,t,e,r,s
M,e,c,h,a,n,i,c,a,l, ,D,r,a,f,t,e,r,s
D,r,a,f,t,e,r,s,",", ,A,l,l, ,O,t,h,e,r
A,e,r,o,s,p,a,c,e, ,E,n,g,i,n,e,e,r,i,n,g, ,a,n,d, ,O,p,e,r,a,t,i,o,n,s, ,T,e,c,h,n,i,c,i,a,n,s
C,i,v,i,l, ,E,n,g,i,n,e,e,r,i,n,g, ,T,e,c,h,n,i,c,i,a,n,s
E,l,e,c,t,r,i,c,a,l, ,a,n,d, ,E,l,e,c,t,r,o,n,i,c,s, ,E,n,g,i,n,e,e,r,i,n,g, ,T,e,c,h,n,i,c,i,a,n,s
E,l,e,c,t,r,o,-,M,e,c,h,a,n,i,c,a,l, ,T,e,c,h,n,i,c,i,a,n,s
E,n,v,i,r,o,n,m,e,n,t,a,l, ,E,n,g,i,n,e,e,r,i,n,g, ,T,e,c,h,n,i,c,i,a,n,s
I,n,d,u,s,t,r,i,a,l, ,E,n,g,i,n,e,e,r,i,n,g, ,T,e,c,h,n,i,c,i,a,n,s
M,e,c,h,a,n,i,c,a,l, ,E,n,g,i,n,e,e,r,i,n,g, ,T,e,c,h,n,i,c,i,a,n,s
E,n,g,i,n,e,e,r,i,n,g, ,T,e,c,h,n,i,c,i,a,n,s,",", ,E,x,c,e,p,t, ,D,r,a,f,t,e,r,s,",", ,A,l,l, ,O,t,h,e,r
S,u,r,v,e,y,i,n,g, ,a,n,d, ,M,a,p,p,i,n,g, ,T,e,c,h,n,i,c,i,a,n,s
S,o,i,l, ,a,n,d, ,P,l,a,n,t, ,S,c,i,e,n,t,i,s,t,s
B,i,o,c,h,e,m,i,s,t,s, ,a,n,d, ,B,i,o,p,h,y,s,i,c,i,s,t,s
M,i,c,r,o,b,i,o,l,o,g,i,s,t,s
Z,o,o,l,o,g,i,s,t,s, ,a,n,d, ,W,i,l,d,l,i,f,e, ,B,i,o,l,o,g,i,s,t,s
B,i,o,l,o,g,i,c,a,l, ,S,c,i,e,n,t,i,s,t,s,",", ,A,l,l, ,O,t,h,e,r
C,o,n,s,e,r,v,a,t,i,o,n, ,S,c,i,e,n,t,i,s,t,s
F,o,r,e,s,t,e,r,s
E,p,i,d,e,m,i,o,l,o,g,i,s,t,s
M,e,d,i,c,a,l, ,S,c,i,e,n,t,i,s,t,s,",", ,E,x,c,e,p,t, ,E,p,i,d,e,m,i,o,l,o,g,i,s,t,s
L,i,f,e, ,S,c,i,e,n,t,i,s,t,s,",", ,A,l,l, ,O,t,h,e,r
P,h,y,s,i,c,i,s,t,s
A,t,m,o,s,p,h,e,r,i,c, ,a,n,d, ,S,p,a,c,e, ,S,c,i,e,n,t,i,s,t,s
C,h,e,m,i,s,t,s
M,a,t,e,r,i,a,l,s, ,S,c,i,e,n,t,i,s,t,s
E,n,v,i,r,o,n,m,e,n,t,a,l, ,S,c,i,e,n,t,i,s,t,s, ,a,n,d, ,S,p,e,c,i,a,l,i,s,t,s,",", ,I,n,c,l,u,d,i,n,g, ,H,e,a,l,t,h
G,e,o,s,c,i,e,n,t,i,s,t,s,",", ,E,x,c,e,p,t, ,H,y,d,r,o,l,o,g,i,s,t,s, ,a,n,d, ,G,e,o,g,r,a,p,h,e,r,s
P,h,y,s,i,c,a,l, ,S,c,i,e,n,t,i,s,t,s,",", ,A,l,l, ,O,t,h,e,r
C,l,i,n,i,c,a,l,",", ,C,o,u,n,s,e,l,i,n,g,",", ,a,n,d, ,S,c,h,o,o,l, ,P,s,y,c,h,o,l,o,g,i,s,t,s
P,s,y,c,h,o,l,o,g,i,s,t,s,",", ,A,l,l, ,O,t,h,e,r
U,r,b,a,n, ,a,n,d, ,R,e,g,i,o,n,a,l, ,P,l,a,n,n,e,r,s
A,n,t,h,r,o,p,o,l,o,g,i,s,t,s, ,a,n,d, ,A,r,c,h,e,o,l,o,g,i,s,t,s
H,i,s,t,o,r,i,a,n,s
S,o,c,i,a,l, ,S,c,i,e,n,t,i,s,t,s, ,a,n,d, ,R,e,l,a,t,e,d, ,W,o,r,k,e,r,s,",", ,A,l,l, ,O,t,h,e,r
A,g,r,i,c,u,l,t,u,r,a,l, ,a,n,d, ,F,o,o,d, ,S,c,i,e,n,c,e, ,T,e,c,h,n,i,c,i,a,n,s
B,i,o,l,o,g,i,c,a,l, ,T,e,c,h,n,i,c,i,a,n,s
C,h,e,m,i,c,a,l, ,T,e,c,h,n,i,c,i,a,n,s
G,e,o,l,o,g,i,c,a,l, ,a,n,d, ,P,e,t,r,o,l,e,u,m, ,T,e,c,h,n,i,c,i,a,n,s
N,u,c,l,e,a,r, ,T,e,c,h,n,i,c,i,a,n,s
E,n,v,i,r,o,n,m,e,n,t,a,l, ,S,c,i,e,n,c,e, ,a,n,d, ,P,r,o,t,e,c,t,i,o,n, ,T,e,c,h,n,i,c,i,a,n,s,",", ,I,n,c,l,u,d,i,n,g, ,H,e,a,l,t,h
F,o,r,e,n,s,i,c, ,S,c,i,e,n,c,e, ,T,e,c,h,n,i,c,i,a,n,s
F,o,r,e,s,t, ,a,n,d, ,C,o,n,s,e,r,v,a,t,i,o,n, ,T,e,c,h,n,i,c,i,a,n,s
L,i,f,e,",", ,P,h,y,s,i,c,a,l,",", ,a,n,d, ,S,o,c,i,a,l, ,S,c,i,e,n,c,e, ,T,e,c,h,n,i,c,i,a,n,s,",", ,A,l,l, ,O,t,h,e,r
S,u,b,s,t,a,n,c,e, ,A,b,u,s,e, ,a,n,d, ,B,e,h,a,v,i,o,r,a,l, ,D,i,s,o,r,d,e,r, ,C,o,u,n,s,e,l,o,r,s
E,d,u,c,a,t,i,o,n,a,l,",", ,G,u,i,d,a,n,c,e,",", ,S,c,h,o,o,l,",", ,a,n,d, ,V,o,c,a,t,i,o,n,a,l, ,C,o,u,n,s,e,l,o,r,s
M,a,r,r,i,a,g,e, ,a,n,d, ,F,a,m,i,l,y, ,T,h,e,r,a,p,i,s,t,s
M,e,n,t,a,l, ,H,e,a,l,t,h, ,C,o,u,n,s,e,l,o,r,s
R,e,h,a,b,i,l,i,t,a,t,i,o,n, ,C,o,u,n,s,e,l,o,r,s
C,o,u,n,s,e,l,o,r,s,",", ,A,l,l, ,O,t,h,e,r
C,h,i,l,d,",", ,F,a,m,i,l,y,",", ,a,n,d, ,S,c,h,o,o,l, ,S,o,c,i,a,l, ,W,o,r,k,e,r,s
H,e,a,l,t,h,c,a,r,e, ,S,o,c,i,a,l, ,W,o,r,k,e,r,s
M,e,n,t,a,l, ,H,e,a,l,t,h, ,a,n,d, ,S,u,b,s,t,a,n,c,e, ,A,b,u,s,e, ,S,o,c,i,a,l, ,W,o,r,k,e,r,s
S,o,c,i,a,l, ,W,o,r,k,e,r,s,",", ,A,l,l, ,O,t,h,e,r
H,e,a,l,t,h, ,E,d,u,c,a,t,o,r,s
P,r,o,b,a,t,i,o,n, ,O,f,f,i,c,e,r,s, ,a,n,d, ,C,o,r,r,e,c,t,i,o,n,a,l, ,T,r,e,a,t,m,e,n,t, ,S,p,e,c,i,a,l,i,s,t,s
S,o,c,i,a,l, ,a,n,d, ,H,u,m,a,n, ,S,e,r,v,i,c,e, ,A,s,s,i,s,t,a,n,t,s
C,o,m,m,u,n,i,t,y, ,H,e,a,l,t,h, ,W,o,r,k,e,r,s
C,o,m,m,u,n,i,t,y, ,a,n,d, ,S,o,c,i,a,l, ,S,e,r,v,i,c,e, ,S,p,e,c,i,a,l,i,s,t,s,",", ,A,l,l, ,O,t,h,e,r
C,l,e,r,g,y
D,i,r,e,c,t,o,r,s,",", ,R,e,l,i,g,i,o,u,s, ,A,c,t,i,v,i,t,i,e,s, ,a,n,d, ,E,d,u,c,a,t,i,o,n
R,e,l,i,g,i,o,u,s, ,W,o,r,k,e,r,s,",", ,A,l,l, ,O,t,h,e,r
L,a,w,y,e,r,s
A,d,m,i,n,i,s,t,r,a,t,i,v,e, ,L,a,w, ,J,u,d,g,e,s,",", ,A,d,j,u,d,i,c,a,t,o,r,s,",", ,a,n,d, ,H,e,a,r,i,n,g, ,O,f,f,i,c,e,r,s
A,r,b,i,t,r,a,t,o,r,s,",", ,M,e,d,i,a,t,o,r,s,",", ,a,n,d, ,C,o,n,c,i,l,i,a,t,o,r,s
J,u,d,g,e,s,",", ,M,a,g,i,s,t,r,a,t,e, ,J,u,d,g,e,s,",", ,a,n,d, ,M,a,g,i,s,t,r,a,t,e,s
P,a,r,a,l,e,g,a,l,s, ,a,n,d, ,L,e,g,a,l, ,A,s,s,i,s,t,a,n,t,s
C,o,u,r,t, ,R,e,p,o,r,t,e,r,s
T,i,t,l,e, ,E,x,a,m,i,n,e,r,s,",", ,A,b,s,t,r,a,c,t,o,r,s,",", ,a,n,d, ,S,e,a,r,c,h,e,r,s
L,e,g,a,l, ,S,u,p,p,o,r,t, ,W,o,r,k,e,r,s,",", ,A,l,l, ,O,t,h,e,r
B,u,s,i,n,e,s,s, ,T,e,a,c,h,e,r,s,",", ,P,o,s,t,s,e,c,o,n,d,a,r,y
C,o,m,p,u,t,e,r, ,S,c,i,e,n,c,e, ,T,e,a,c,h,e,r,s,",", ,P,o,s,t,s,e,c,o,n,d,a,r,y
M,a,t,h,e,m,a,t,i,c,a,l, ,S,c,i,e,n,c,e, ,T,e,a,c,h,e,r,s,",", ,P,o,s,t,s,e,c,o,n,d,a,r,y
A,r,c,h,i,t,e,c,t,u,r,e, ,T,e,a,c,h,e,r,s,",", ,P,o,s,t,s,e,c,o,n,d,a,r,y
E,n,g,i,n,e,e,r,i,n,g, ,T,e,a,c,h,e,r,s,",", ,P,o,s,t,s,e,c,o,n,d,a,r,y
A,g,r,i,c,u,l,t,u,r,a,l, ,S,c,i,e,n,c,e,s, ,T,e,a,c,h,e,r,s,",", ,P,o,s,t,s,e,c,o,n,d,a,r,y
B,i,o,l,o,g,i,c,a,l, ,S,c,i,e,n,c,e, ,T,e,a,c,h,e,r,s,",", ,P,o,s,t,s,e,c,o,n,d,a,r,y
A,t,m,o,s,p,h,e,r,i,c,",", ,E,a,r,t,h,",", ,M,a,r,i,n,e,",", ,a,n,d, ,S,p,a,c,e, ,S,c,i,e,n,c,e,s, ,T,e,a,c,h,e,r,s,",", ,P,o,s,t,s,e,c,o,n,d,a,r,y
C,h,e,m,i,s,t,r,y, ,T,e,a,c,h,e,r,s,",", ,P,o,s,t,s,e,c,o,n,d,a,r,y
E,n,v,i,r,o,n,m,e,n,t,a,l, ,S,c,i,e,n,c,e, ,T,e,a,c,h,e,r,s,",", ,P,o,s,t,s,e,c,o,n,d,a,r,y
P,h,y,s,i,c,s, ,T,e,a,c,h,e,r,s,",", ,P,o,s,t,s,e,c,o,n,d,a,r,y
E,c,o,n,o,m,i,c,s, ,T,e,a,c,h,e,r,s,",", ,P,o,s,t,s,e,c,o,n,d,a,r,y
G,e,o,g,r,a,p,h,y, ,T,e,a,c,h,e,r,s,",", ,P,o,s,t,s,e,c,o,n,d,a,r,y
P,o,l,i,t,i,c,a,l, ,S,c,i,e,n,c,e, ,T,e,a,c,h,e,r,s,",", ,P,o,s,t,s,e,c,o,n,d,a,r,y
P,s,y,c,h,o,l,o,g,y, ,T,e,a,c,h,e,r,s,",", ,P,o,s,t,s,e,c,o,n,d,a,r,y
S,o,c,i,o,l,o,g,y, ,T,e,a,c,h,e,r,s,",", ,P,o,s,t,s,e,c,o,n,d,a,r,y
N,u,r,s,i,n,g, ,I,n,s,t,r,u,c,t,o,r,s, ,a,n,d, ,T,e,a,c,h,e,r,s,",", ,P,o,s,t,s,e,c,o,n,d,a,r,y
E,d,u,c,a,t,i,o,n, ,T,e,a,c,h,e,r,s,",", ,P,o,s,t,s,e,c,o,n,d,a,r,y
L,i,b,r,a,r,y, ,S,c,i,e,n,c,e, ,T,e,a,c,h,e,r,s,",", ,P,o,s,t,s,e,c,o,n,d,a,r,y
C,r,i,m,i,n,a,l, ,J,u,s,t,i,c,e, ,a,n,d, ,L,a,w, ,E,n,f,o,r,c,e,m,e,n,t, ,T,e,a,c,h,e,r,s,",", ,P,o,s,t,s,e,c,o,n,d,a,r,y
L,a,w, ,T,e,a,c,h,e,r,s,",", ,P,o,s,t,s,e,c,o,n,d,a,r,y
S,o,c,i,a,l, ,W,o,r,k, ,T,e,a,c,h,e,r,s,",", ,P,o,s,t,s,e,c,o,n,d,a,r,y
A,r,t,",", ,D,r,a,m,a,",", ,a,n,d, ,M,u,s,i,c, ,T,e,a,c,h,e,r,s,",", ,P,o,s,t,s,e,c,o,n,d,a,r,y
C,o,m,m,u,n,i,c,a,t,i,o,n,s, ,T,e,a,c,h,e,r,s,",", ,P,o,s,t,s,e,c,o,n,d,a,r,y
E,n,g,l,i,s,h, ,L,a,n,g,u,a,g,e, ,a,n,d, ,L,i,t,e,r,a,t,u,r,e, ,T,e,a,c,h,e,r,s,",", ,P,o,s,t,s,e,c,o,n,d,a,r,y
F,o,r,e,i,g,n, ,L,a,n,g,u,a,g,e, ,a,n,d, ,L,i,t,e,r,a,t,u,r,e, ,T,e,a,c,h,e,r,s,",", ,P,o,s,t,s,e,c,o,n,d,a,r,y
H,i,s,t,o,r,y, ,T,e,a,c,h,e,r,s,",", ,P,o,s,t,s,e,c,o,n,d,a,r,y
P,h,i,l,o,s,o,p,h,y, ,a,n,d, ,R,e,l,i,g,i,o,n, ,T,e,a,c,h,e,r,s,",", ,P,o,s,t,s,e,c,o,n,d,a,r,y
G,r,a,d,u,a,t,e, ,T,e,a,c,h,i,n,g, ,A,s,s,i,s,t,a,n,t,s
H,o,m,e, ,E,c,o,n,o,m,i,c,s, ,T,e,a,c,h,e,r,s,",", ,P,o,s,t,s,e,c,o,n,d,a,r,y
R,e,c,r,e,a,t,i,o,n, ,a,n,d, ,F,i,t,n,e,s,s, ,S,t,u,d,i,e,s, ,T,e,a,c,h,e,r,s,",", ,P,o,s,t,s,e,c,o,n,d,a,r,y
V,o,c,a,t,i,o,n,a,l, ,E,d,u,c,a,t,i,o,n, ,T,e,a,c,h,e,r,s,",", ,P,o,s,t,s,e,c,o,n,d,a,r,y
P,o,s,t,s,e,c,o,n,d,a,r,y, ,T,e,a,c,h,e,r,s,",", ,A,l,l, ,O,t,h,e,r
P,r,e,s,c,h,o,o,l, ,T,e,a,c,h,e,r,s,",", ,E,x,c,e,p,t, ,S,p,e,c,i,a,l, ,E,d,u,c,a,t,i,o,n
K,i,n,d,e,r,g,a,r,t,e,n, ,T,e,a,c,h,e,r,s,",", ,E,x,c,e,p,t, ,S,p,e,c,i,a,l, ,E,d,u,c,a,t,i,o,n
E,l,e,m,e,n,t,a,r,y, ,S,c,h,o,o,l, ,T,e,a,c,h,e,r,s,",", ,E,x,c,e,p,t, ,S,p,e,c,i,a,l, ,E,d,u,c,a,t,i,o,n
M,i,d,d,l,e, ,S,c,h,o,o,l, ,T,e,a,c,h,e,r,s,",", ,E,x,c,e,p,t, ,S,p,e,c,i,a,l, ,a,n,d, ,C,a,r,e,e,r,/,T,e,c,h,n,i,c,a,l, ,E,d,u,c,a,t,i,o,n
C,a,r,e,e,r,/,T,e,c,h,n,i,c,a,l, ,E,d,u,c,a,t,i,o,n, ,T,e,a,c,h,e,r,s,",", ,M,i,d,d,l,e, ,S,c,h,o,o,l
S,e,c,o,n,d,a,r,y, ,S,c,h,o,o,l, ,T,e,a,c,h,e,r,s,",", ,E,x,c,e,p,t, ,S,p,e,c,i,a,l, ,a,n,d, ,C,a,r,e,e,r,/,T,e,c,h,n,i,c,a,l, ,E,d,u,c,a,t,i,o,n
C,a,r,e,e,r,/,T,e,c,h,n,i,c,a,l, ,E,d,u,c,a,t,i,o,n, ,T,e,a,c,h,e,r,s,",", ,S,e,c,o,n,d,a,r,y, ,S,c,h,o,o,l
S,p,e,c,i,a,l, ,E,d,u,c,a,t,i,o,n, ,T,e,a,c,h,e,r,s,",", ,P,r,e,s,c,h,o,o,l
S,p,e,c,i,a,l, ,E,d,u,c,a,t,i,o,n, ,T,e,a,c,h,e,r,s,",", ,K,i,n,d,e,r,g,a,r,t,e,n, ,a,n,d, ,E,l,e,m,e,n,t,a,r,y, ,S,c,h,o,o,l
S,p,e,c,i,a,l, ,E,d,u,c,a,t,i,o,n, ,T,e,a,c,h,e,r,s,",", ,M,i,d,d,l,e, ,S,c,h,o,o,l
S,p,e,c,i,a,l, ,E,d,u,c,a,t,i,o,n, ,T,e,a,c,h,e,r,s,",", ,S,e,c,o,n,d,a,r,y, ,S,c,h,o,o,l
S,p,e,c,i,a,l, ,E,d,u,c,a,t,i,o,n, ,T,e,a,c,h,e,r,s,",", ,A,l,l, ,O,t,h,e,r
A,d,u,l,t, ,B,a,s,i,c, ,a,n,d, ,S,e,c,o,n,d,a,r,y, ,E,d,u,c,a,t,i,o,n, ,a,n,d, ,L,i,t,e,r,a,c,y, ,T,e,a,c,h,e,r,s, ,a,n,d, ,I,n,s,t,r,u,c,t,o,r,s
S,e,l,f,-,E,n,r,i,c,h,m,e,n,t, ,E,d,u,c,a,t,i,o,n, ,T,e,a,c,h,e,r,s
T,e,a,c,h,e,r,s, ,a,n,d, ,I,n,s,t,r,u,c,t,o,r,s,",", ,A,l,l, ,O,t,h,e,r,",", ,E,x,c,e,p,t, ,S,u,b,s,t,i,t,u,t,e, ,T,e,a,c,h,e,r,s
S,u,b,s,t,i,t,u,t,e, ,T,e,a,c,h,e,r,s
A,r,c,h,i,v,i,s,t,s
C,u,r,a,t,o,r,s
M,u,s,e,u,m, ,T,e,c,h,n,i,c,i,a,n,s, ,a,n,d, ,C,o,n,s,e,r,v,a,t,o,r,s
L,i,b,r,a,r,i,a,n,s
L,i,b,r,a,r,y, ,T,e,c,h,n,i,c,i,a,n,s
A,u,d,i,o,-,V,i,s,u,a,l, ,a,n,d, ,M,u,l,t,i,m,e,d,i,a, ,C,o,l,l,e,c,t,i,o,n,s, ,S,p,e,c,i,a,l,i,s,t,s
F,a,r,m, ,a,n,d, ,H,o,m,e, ,M,a,n,a,g,e,m,e,n,t, ,A,d,v,i,s,o,r,s
I,n,s,t,r,u,c,t,i,o,n,a,l, ,C,o,o,r,d,i,n,a,t,o,r,s
T,e,a,c,h,e,r, ,A,s,s,i,s,t,a,n,t,s
E,d,u,c,a,t,i,o,n,",", ,T,r,a,i,n,i,n,g,",", ,a,n,d, ,L,i,b,r,a,r,y, ,W,o,r,k,e,r,s,",", ,A,l,l, ,O,t,h,e,r
A,r,t, ,D,i,r,e,c,t,o,r,s
C,r,a,f,t, ,A,r,t,i,s,t,s
M,u,l,t,i,m,e,d,i,a, ,A,r,t,i,s,t,s, ,a,n,d, ,A,n,i,m,a,t,o,r,s
A,r,t,i,s,t,s, ,a,n,d, ,R,e,l,a,t,e,d, ,W,o,r,k,e,r,s,",", ,A,l,l, ,O,t,h,e,r
C,o,m,m,e,r,c,i,a,l, ,a,n,d, ,I,n,d,u,s,t,r,i,a,l, ,D,e,s,i,g,n,e,r,s
F,l,o,r,a,l, ,D,e,s,i,g,n,e,r,s
G,r,a,p,h,i,c, ,D,e,s,i,g,n,e,r,s
I,n,t,e,r,i,o,r, ,D,e,s,i,g,n,e,r,s
M,e,r,c,h,a,n,d,i,s,e, ,D,i,s,p,l,a,y,e,r,s, ,a,n,d, ,W,i,n,d,o,w, ,T,r,i,m,m,e,r,s
P,r,o,d,u,c,e,r,s, ,a,n,d, ,D,i,r,e,c,t,o,r,s
C,o,a,c,h,e,s, ,a,n,d, ,S,c,o,u,t,s
U,m,p,i,r,e,s,",", ,R,e,f,e,r,e,e,s,",", ,a,n,d, ,O,t,h,e,r, ,S,p,o,r,t,s, ,O,f,f,i,c,i,a,l,s
M,u,s,i,c, ,D,i,r,e,c,t,o,r,s, ,a,n,d, ,C,o,m,p,o,s,e,r,s
M,u,s,i,c,i,a,n,s, ,a,n,d, ,S,i,n,g,e,r,s
R,a,d,i,o, ,a,n,d, ,T,e,l,e,v,i,s,i,o,n, ,A,n,n,o,u,n,c,e,r,s
P,u,b,l,i,c, ,A,d,d,r,e,s,s, ,S,y,s,t,e,m, ,a,n,d, ,O,t,h,e,r, ,A,n,n,o,u,n,c,e,r,s
B,r,o,a,d,c,a,s,t, ,N,e,w,s, ,A,n,a,l,y,s,t,s
R,e,p,o,r,t,e,r,s, ,a,n,d, ,C,o,r,r,e,s,p,o,n,d,e,n,t,s
P,u,b,l,i,c, ,R,e,l,a,t,i,o,n,s, ,S,p,e,c,i,a,l,i,s,t,s
E,d,i,t,o,r,s
T,e,c,h,n,i,c,a,l, ,W,r,i,t,e,r,s
W,r,i,t,e,r,s, ,a,n,d, ,A,u,t,h,o,r,s
I,n,t,e,r,p,r,e,t,e,r,s, ,a,n,d, ,T,r,a,n,s,l,a,t,o,r,s
A,u,d,i,o, ,a,n,d, ,V,i,d,e,o, ,E,q,u,i,p,m,e,n,t, ,T,e,c,h,n,i,c,i,a,n,s
B,r,o,a,d,c,a,s,t, ,T,e,c,h,n,i,c,i,a,n,s
S,o,u,n,d, ,E,n,g,i,n,e,e,r,i,n,g, ,T,e,c,h,n,i,c,i,a,n,s
P,h,o,t,o,g,r,a,p,h,e,r,s
C,a,m,e,r,a, ,O,p,e,r,a,t,o,r,s,",", ,T,e,l,e,v,i,s,i,o,n,",", ,V,i,d,e,o,",", ,a,n,d, ,M,o,t,i,o,n, ,P,i,c,t,u,r,e
F,i,l,m, ,a,n,d, ,V,i,d,e,o, ,E,d,i,t,o,r,s
M,e,d,i,a, ,a,n,d, ,C,o,m,m,u,n,i,c,a,t,i,o,n, ,E,q,u,i,p,m,e,n,t, ,W,o,r,k,e,r,s,",", ,A,l,l, ,O,t,h,e,r
C,h,i,r,o,p,r,a,c,t,o,r,s
D,e,n,t,i,s,t,s,",", ,G,e,n,e,r,a,l
O,r,a,l, ,a,n,d, ,M,a,x,i,l,l,o,f,a,c,i,a,l, ,S,u,r,g,e,o,n,s
O,r,t,h,o,d,o,n,t,i,s,t,s
D,i,e,t,i,t,i,a,n,s, ,a,n,d, ,N,u,t,r,i,t,i,o,n,i,s,t,s
O,p,t,o,m,e,t,r,i,s,t,s
P,h,a,r,m,a,c,i,s,t,s
A,n,e,s,t,h,e,s,i,o,l,o,g,i,s,t,s
F,a,m,i,l,y, ,a,n,d, ,G,e,n,e,r,a,l, ,P,r,a,c,t,i,t,i,o,n,e,r,s
I,n,t,e,r,n,i,s,t,s,",", ,G,e,n,e,r,a,l
O,b,s,t,e,t,r,i,c,i,a,n,s, ,a,n,d, ,G,y,n,e,c,o,l,o,g,i,s,t,s
P,e,d,i,a,t,r,i,c,i,a,n,s,",", ,G,e,n,e,r,a,l
P,s,y,c,h,i,a,t,r,i,s,t,s
S,u,r,g,e,o,n,s
P,h,y,s,i,c,i,a,n,s, ,a,n,d, ,S,u,r,g,e,o,n,s,",", ,A,l,l, ,O,t,h,e,r
P,h,y,s,i,c,i,a,n, ,A,s,s,i,s,t,a,n,t,s
P,o,d,i,a,t,r,i,s,t,s
O,c,c,u,p,a,t,i,o,n,a,l, ,T,h,e,r,a,p,i,s,t,s
P,h,y,s,i,c,a,l, ,T,h,e,r,a,p,i,s,t,s
R,a,d,i,a,t,i,o,n, ,T,h,e,r,a,p,i,s,t,s
R,e,c,r,e,a,t,i,o,n,a,l, ,T,h,e,r,a,p,i,s,t,s
R,e,s,p,i,r,a,t,o,r,y, ,T,h,e,r,a,p,i,s,t,s
S,p,e,e,c,h,-,L,a,n,g,u,a,g,e, ,P,a,t,h,o,l,o,g,i,s,t,s
E,x,e,r,c,i,s,e, ,P,h,y,s,i,o,l,o,g,i,s,t,s
V,e,t,e,r,i,n,a,r,i,a,n,s
R,e,g,i,s,t,e,r,e,d, ,N,u,r,s,e,s
N,u,r,s,e, ,A,n,e,s,t,h,e,t,i,s,t,s
N,u,r,s,e, ,P,r,a,c,t,i,t,i,o,n,e,r,s
A,u,d,i,o,l,o,g,i,s,t,s
M,e,d,i,c,a,l, ,a,n,d, ,C,l,i,n,i,c,a,l, ,L,a,b,o,r,a,t,o,r,y, ,T,e,c,h,n,o,l,o,g,i,s,t,s
M,e,d,i,c,a,l, ,a,n,d, ,C,l,i,n,i,c,a,l, ,L,a,b,o,r,a,t,o,r,y, ,T,e,c,h,n,i,c,i,a,n,s
D,e,n,t,a,l, ,H,y,g,i,e,n,i,s,t,s
C,a,r,d,i,o,v,a,s,c,u,l,a,r, ,T,e,c,h,n,o,l,o,g,i,s,t,s, ,a,n,d, ,T,e,c,h,n,i,c,i,a,n,s
D,i,a,g,n,o,s,t,i,c, ,M,e,d,i,c,a,l, ,S,o,n,o,g,r,a,p,h,e,r,s
N,u,c,l,e,a,r, ,M,e,d,i,c,i,n,e, ,T,e,c,h,n,o,l,o,g,i,s,t,s
R,a,d,i,o,l,o,g,i,c, ,T,e,c,h,n,o,l,o,g,i,s,t,s
M,a,g,n,e,t,i,c, ,R,e,s,o,n,a,n,c,e, ,I,m,a,g,i,n,g, ,T,e,c,h,n,o,l,o,g,i,s,t,s
E,m,e,r,g,e,n,c,y, ,M,e,d,i,c,a,l, ,T,e,c,h,n,i,c,i,a,n,s, ,a,n,d, ,P,a,r,a,m,e,d,i,c,s
D,i,e,t,e,t,i,c, ,T,e,c,h,n,i,c,i,a,n,s
P,h,a,r,m,a,c,y, ,T,e,c,h,n,i,c,i,a,n,s
P,s,y,c,h,i,a,t,r,i,c, ,T,e,c,h,n,i,c,i,a,n,s
R,e,s,p,i,r,a,t,o,r,y, ,T,h,e,r,a,p,y, ,T,e,c,h,n,i,c,i,a,n,s
S,u,r,g,i,c,a,l, ,T,e,c,h,n,o,l,o,g,i,s,t,s
V,e,t,e,r,i,n,a,r,y, ,T,e,c,h,n,o,l,o,g,i,s,t,s, ,a,n,d, ,T,e,c,h,n,i,c,i,a,n,s
O,p,h,t,h,a,l,m,i,c, ,M,e,d,i,c,a,l, ,T,e,c,h,n,i,c,i,a,n,s
L,i,c,e,n,s,e,d, ,P,r,a,c,t,i,c,a,l, ,a,n,d, ,L,i,c,e,n,s,e,d, ,V,o,c,a,t,i,o,n,a,l, ,N,u,r,s,e,s
M,e,d,i,c,a,l, ,R,e,c,o,r,d,s, ,a,n,d, ,H,e,a,l,t,h, ,I,n,f,o,r,m,a,t,i,o,n, ,T,e,c,h,n,i,c,i,a,n,s
O,p,t,i,c,i,a,n,s,",", ,D,i,s,p,e,n,s,i,n,g
O,r,t,h,o,t,i,s,t,s, ,a,n,d, ,P,r,o,s,t,h,e,t,i,s,t,s
H,e,a,r,i,n,g, ,A,i,d, ,S,p,e,c,i,a,l,i,s,t,s
H,e,a,l,t,h, ,T,e,c,h,n,o,l,o,g,i,s,t,s, ,a,n,d, ,T,e,c,h,n,i,c,i,a,n,s,",", ,A,l,l, ,O,t,h,e,r
O,c,c,u,p,a,t,i,o,n,a,l, ,H,e,a,l,t,h, ,a,n,d, ,S,a,f,e,t,y, ,S,p,e,c,i,a,l,i,s,t,s
O,c,c,u,p,a,t,i,o,n,a,l, ,H,e,a,l,t,h, ,a,n,d, ,S,a,f,e,t,y, ,T,e,c,h,n,i,c,i,a,n,s
A,t,h,l,e,t,i,c, ,T,r,a,i,n,e,r,s
H,e,a,l,t,h,c,a,r,e, ,P,r,a,c,t,i,t,i,o,n,e,r,s, ,a,n,d, ,T,e,c,h,n,i,c,a,l, ,W,o,r,k,e,r,s,",", ,A,l,l, ,O,t,h,e,r
H,o,m,e, ,H,e,a,l,t,h, ,A,i,d,e,s
P,s,y,c,h,i,a,t,r,i,c, ,A,i,d,e,s
N,u,r,s,i,n,g, ,A,s,s,i,s,t,a,n,t,s
O,r,d,e,r,l,i,e,s
O,c,c,u,p,a,t,i,o,n,a,l, ,T,h,e,r,a,p,y, ,A,s,s,i,s,t,a,n,t,s
O,c,c,u,p,a,t,i,o,n,a,l, ,T,h,e,r,a,p,y, ,A,i,d,e,s
P,h,y,s,i,c,a,l, ,T,h,e,r,a,p,i,s,t, ,A,s,s,i,s,t,a,n,t,s
P,h,y,s,i,c,a,l, ,T,h,e,r,a,p,i,s,t, ,A,i,d,e,s
M,a,s,s,a,g,e, ,T,h,e,r,a,p,i,s,t,s
D,e,n,t,a,l, ,A,s,s,i,s,t,a,n,t,s
M,e,d,i,c,a,l, ,A,s,s,i,s,t,a,n,t,s
M,e,d,i,c,a,l, ,E,q,u,i,p,m,e,n,t, ,P,r,e,p,a,r,e,r,s
M,e,d,i,c,a,l, ,T,r,a,n,s,c,r,i,p,t,i,o,n,i,s,t,s
P,h,a,r,m,a,c,y, ,A,i,d,e,s
V,e,t,e,r,i,n,a,r,y, ,A,s,s,i,s,t,a,n,t,s, ,a,n,d, ,L,a,b,o,r,a,t,o,r,y, ,A,n,i,m,a,l, ,C,a,r,e,t,a,k,e,r,s
P,h,l,e,b,o,t,o,m,i,s,t,s
H,e,a,l,t,h,c,a,r,e, ,S,u,p,p,o,r,t, ,W,o,r,k,e,r,s,",", ,A,l,l, ,O,t,h,e,r
F,i,r,s,t,-,L,i,n,e, ,S,u,p,e,r,v,i,s,o,r,s, ,o,f, ,C,o,r,r,e,c,t,i,o,n,a,l, ,O,f,f,i,c,e,r,s
F,i,r,s,t,-,L,i,n,e, ,S,u,p,e,r,v,i,s,o,r,s, ,o,f, ,P,o,l,i,c,e, ,a,n,d, ,D,e,t,e,c,t,i,v,e,s
F,i,r,s,t,-,L,i,n,e, ,S,u,p,e,r,v,i,s,o,r,s, ,o,f, ,F,i,r,e, ,F,i,g,h,t,i,n,g, ,a,n,d, ,P,r,e,v,e,n,t,i,o,n, ,W,o,r,k,e,r,s
F,i,r,s,t,-,L,i,n,e, ,S,u,p,e,r,v,i,s,o,r,s, ,o,f, ,P,r,o,t,e,c,t,i,v,e, ,S,e,r,v,i,c,e, ,W,o,r,k,e,r,s,",", ,A,l,l, ,O,t,h,e,r
F,i,r,e,f,i,g,h,t,e,r,s
F,i,r,e, ,I,n,s,p,e,c,t,o,r,s, ,a,n,d, ,I,n,v,e,s,t,i,g,a,t,o,r,s
F,o,r,e,s,t, ,F,i,r,e, ,I,n,s,p,e,c,t,o,r,s, ,a,n,d, ,P,r,e,v,e,n,t,i,o,n, ,S,p,e,c,i,a,l,i,s,t,s
B,a,i,l,i,f,f,s
C,o,r,r,e,c,t,i,o,n,a,l, ,O,f,f,i,c,e,r,s, ,a,n,d, ,J,a,i,l,e,r,s
D,e,t,e,c,t,i,v,e,s, ,a,n,d, ,C,r,i,m,i,n,a,l, ,I,n,v,e,s,t,i,g,a,t,o,r,s
F,i,s,h, ,a,n,d, ,G,a,m,e, ,W,a,r,d,e,n,s
P,a,r,k,i,n,g, ,E,n,f,o,r,c,e,m,e,n,t, ,W,o,r,k,e,r,s
P,o,l,i,c,e, ,a,n,d, ,S,h,e,r,i,f,f,',s, ,P,a,t,r,o,l, ,O,f,f,i,c,e,r,s
A,n,i,m,a,l, ,C,o,n,t,r,o,l, ,W,o,r,k,e,r,s
P,r,i,v,a,t,e, ,D,e,t,e,c,t,i,v,e,s, ,a,n,d, ,I,n,v,e,s,t,i,g,a,t,o,r,s
S,e,c,u,r,i,t,y, ,G,u,a,r,d,s
C,r,o,s,s,i,n,g, ,G,u,a,r,d,s
L,i,f,e,g,u,a,r,d,s,",", ,S,k,i, ,P,a,t,r,o,l,",", ,a,n,d, ,O,t,h,e,r, ,R,e,c,r,e,a,t,i,o,n,a,l, ,P,r,o,t,e,c,t,i,v,e, ,S,e,r,v,i,c,e, ,W,o,r,k,e,r,s
T,r,a,n,s,p,o,r,t,a,t,i,o,n, ,S,e,c,u,r,i,t,y, ,S,c,r,e,e,n,e,r,s
P,r,o,t,e,c,t,i,v,e, ,S,e,r,v,i,c,e, ,W,o,r,k,e,r,s,",", ,A,l,l, ,O,t,h,e,r
C,h,e,f,s, ,a,n,d, ,H,e,a,d, ,C,o,o,k,s
F,i,r,s,t,-,L,i,n,e, ,S,u,p,e,r,v,i,s,o,r,s, ,o,f, ,F,o,o,d, ,P,r,e,p,a,r,a,t,i,o,n, ,a,n,d, ,S,e,r,v,i,n,g, ,W,o,r,k,e,r,s
C,o,o,k,s,",", ,F,a,s,t, ,F,o,o,d
C,o,o,k,s,",", ,I,n,s,t,i,t,u,t,i,o,n, ,a,n,d, ,C,a,f,e,t,e,r,i,a
C,o,o,k,s,",", ,R,e,s,t,a,u,r,a,n,t
C,o,o,k,s,",", ,S,h,o,r,t, ,O,r,d,e,r
C,o,o,k,s,",", ,A,l,l, ,O,t,h,e,r
F,o,o,d, ,P,r,e,p,a,r,a,t,i,o,n, ,W,o,r,k,e,r,s
B,a,r,t,e,n,d,e,r,s
C,o,m,b,i,n,e,d, ,F,o,o,d, ,P,r,e,p,a,r,a,t,i,o,n, ,a,n,d, ,S,e,r,v,i,n,g, ,W,o,r,k,e,r,s,",", ,I,n,c,l,u,d,i,n,g, ,F,a,s,t, ,F,o,o,d
C,o,u,n,t,e,r, ,A,t,t,e,n,d,a,n,t,s,",", ,C,a,f,e,t,e,r,i,a,",", ,F,o,o,d, ,C,o,n,c,e,s,s,i,o,n,",", ,a,n,d, ,C,o,f,f,e,e, ,S,h,o,p
W,a,i,t,e,r,s, ,a,n,d, ,W,a,i,t,r,e,s,s,e,s
F,o,o,d, ,S,e,r,v,e,r,s,",", ,N,o,n,r,e,s,t,a,u,r,a,n,t
D,i,n,i,n,g, ,R,o,o,m, ,a,n,d, ,C,a,f,e,t,e,r,i,a, ,A,t,t,e,n,d,a,n,t,s, ,a,n,d, ,B,a,r,t,e,n,d,e,r, ,H,e,l,p,e,r,s
D,i,s,h,w,a,s,h,e,r,s
H,o,s,t,s, ,a,n,d, ,H,o,s,t,e,s,s,e,s,",", ,R,e,s,t,a,u,r,a,n,t,",", ,L,o,u,n,g,e,",", ,a,n,d, ,C,o,f,f,e,e, ,S,h,o,p
F,o,o,d, ,P,r,e,p,a,r,a,t,i,o,n, ,a,n,d, ,S,e,r,v,i,n,g, ,R,e,l,a,t,e,d, ,W,o,r,k,e,r,s,",", ,A,l,l, ,O,t,h,e,r
F,i,r,s,t,-,L,i,n,e, ,S,u,p,e,r,v,i,s,o,r,s, ,o,f, ,H,o,u,s,e,k,e,e,p,i,n,g, ,a,n,d, ,J,a,n,i,t,o,r,i,a,l, ,W,o,r,k,e,r,s
F,i,r,s,t,-,L,i,n,e, ,S,u,p,e,r,v,i,s,o,r,s, ,o,f, ,L,a,n,d,s,c,a,p,i,n,g,",", ,L,a,w,n, ,S,e,r,v,i,c,e,",", ,a,n,d, ,G,r,o,u,n,d,s,k,e,e,p,i,n,g, ,W,o,r,k,e,r,s
J,a,n,i,t,o,r,s, ,a,n,d, ,C,l,e,a,n,e,r,s,",", ,E,x,c,e,p,t, ,M,a,i,d,s, ,a,n,d, ,H,o,u,s,e,k,e,e,p,i,n,g, ,C,l,e,a,n,e,r,s
M,a,i,d,s, ,a,n,d, ,H,o,u,s,e,k,e,e,p,i,n,g, ,C,l,e,a,n,e,r,s
P,e,s,t, ,C,o,n,t,r,o,l, ,W,o,r,k,e,r,s
L,a,n,d,s,c,a,p,i,n,g, ,a,n,d, ,G,r,o,u,n,d,s,k,e,e,p,i,n,g, ,W,o,r,k,e,r,s
P,e,s,t,i,c,i,d,e, ,H,a,n,d,l,e,r,s,",", ,S,p,r,a,y,e,r,s,",", ,a,n,d, ,A,p,p,l,i,c,a,t,o,r,s,",", ,V,e,g,e,t,a,t,i,o,n
T,r,e,e, ,T,r,i,m,m,e,r,s, ,a,n,d, ,P,r,u,n,e,r,s
G,r,o,u,n,d,s, ,M,a,i,n,t,e,n,a,n,c,e, ,W,o,r,k,e,r,s,",", ,A,l,l, ,O,t,h,e,r
G,a,m,i,n,g, ,S,u,p,e,r,v,i,s,o,r,s
S,l,o,t, ,S,u,p,e,r,v,i,s,o,r,s
F,i,r,s,t,-,L,i,n,e, ,S,u,p,e,r,v,i,s,o,r,s, ,o,f, ,P,e,r,s,o,n,a,l, ,S,e,r,v,i,c,e, ,W,o,r,k,e,r,s
A,n,i,m,a,l, ,T,r,a,i,n,e,r,s
N,o,n,f,a,r,m, ,A,n,i,m,a,l, ,C,a,r,e,t,a,k,e,r,s
G,a,m,i,n,g, ,a,n,d, ,S,p,o,r,t,s, ,B,o,o,k, ,W,r,i,t,e,r,s, ,a,n,d, ,R,u,n,n,e,r,s
M,o,t,i,o,n, ,P,i,c,t,u,r,e, ,P,r,o,j,e,c,t,i,o,n,i,s,t,s
A,m,u,s,e,m,e,n,t, ,a,n,d, ,R,e,c,r,e,a,t,i,o,n, ,A,t,t,e,n,d,a,n,t,s
L,o,c,k,e,r, ,R,o,o,m,",", ,C,o,a,t,r,o,o,m,",", ,a,n,d, ,D,r,e,s,s,i,n,g, ,R,o,o,m, ,A,t,t,e,n,d,a,n,t,s
E,n,t,e,r,t,a,i,n,m,e,n,t, ,A,t,t,e,n,d,a,n,t,s, ,a,n,d, ,R,e,l,a,t,e,d, ,W,o,r,k,e,r,s,",", ,A,l,l, ,O,t,h,e,r
E,m,b,a,l,m,e,r,s
F,u,n,e,r,a,l, ,A,t,t,e,n,d,a,n,t,s
M,o,r,t,i,c,i,a,n,s,",", ,U,n,d,e,r,t,a,k,e,r,s,",", ,a,n,d, ,F,u,n,e,r,a,l, ,D,i,r,e,c,t,o,r,s
H,a,i,r,d,r,e,s,s,e,r,s,",", ,H,a,i,r,s,t,y,l,i,s,t,s,",", ,a,n,d, ,C,o,s,m,e,t,o,l,o,g,i,s,t,s
M,a,n,i,c,u,r,i,s,t,s, ,a,n,d, ,P,e,d,i,c,u,r,i,s,t,s
S,h,a,m,p,o,o,e,r,s
S,k,i,n,c,a,r,e, ,S,p,e,c,i,a,l,i,s,t,s
B,a,g,g,a,g,e, ,P,o,r,t,e,r,s, ,a,n,d, ,B,e,l,l,h,o,p,s
C,o,n,c,i,e,r,g,e,s
T,o,u,r, ,G,u,i,d,e,s, ,a,n,d, ,E,s,c,o,r,t,s
C,h,i,l,d,c,a,r,e, ,W,o,r,k,e,r,s
P,e,r,s,o,n,a,l, ,C,a,r,e, ,A,i,d,e,s
F,i,t,n,e,s,s, ,T,r,a,i,n,e,r,s, ,a,n,d, ,A,e,r,o,b,i,c,s, ,I,n,s,t,r,u,c,t,o,r,s
R,e,c,r,e,a,t,i,o,n, ,W,o,r,k,e,r,s
R,e,s,i,d,e,n,t,i,a,l, ,A,d,v,i,s,o,r,s
P,e,r,s,o,n,a,l, ,C,a,r,e, ,a,n,d, ,S,e,r,v,i,c,e, ,W,o,r,k,e,r,s,",", ,A,l,l, ,O,t,h,e,r
F,i,r,s,t,-,L,i,n,e, ,S,u,p,e,r,v,i,s,o,r,s, ,o,f, ,R,e,t,a,i,l, ,S,a,l,e,s, ,W,o,r,k,e,r,s
F,i,r,s,t,-,L,i,n,e, ,S,u,p,e,r,v,i,s,o,r,s, ,o,f, ,N,o,n,-,R,e,t,a,i,l, ,S,a,l,e,s, ,W,o,r,k,e,r,s
C,a,s,h,i,e,r,s
C,o,u,n,t,e,r, ,a,n,d, ,R,e,n,t,a,l, ,C,l,e,r,k,s
P,a,r,t,s, ,S,a,l,e,s,p,e,r,s,o,n,s
R,e,t,a,i,l, ,S,a,l,e,s,p,e,r,s,o,n,s
A,d,v,e,r,t,i,s,i,n,g, ,S,a,l,e,s, ,A,g,e,n,t,s
I,n,s,u,r,a,n,c,e, ,S,a,l,e,s, ,A,g,e,n,t,s
S,e,c,u,r,i,t,i,e,s,",", ,C,o,m,m,o,d,i,t,i,e,s,",", ,a,n,d, ,F,i,n,a,n,c,i,a,l, ,S,e,r,v,i,c,e,s, ,S,a,l,e,s, ,A,g,e,n,t,s
T,r,a,v,e,l, ,A,g,e,n,t,s
S,a,l,e,s, ,R,e,p,r,e,s,e,n,t,a,t,i,v,e,s,",", ,S,e,r,v,i,c,e,s,",", ,A,l,l, ,O,t,h,e,r
S,a,l,e,s, ,R,e,p,r,e,s,e,n,t,a,t,i,v,e,s,",", ,W,h,o,l,e,s,a,l,e, ,a,n,d, ,M,a,n,u,f,a,c,t,u,r,i,n,g,",", ,T,e,c,h,n,i,c,a,l, ,a,n,d, ,S,c,i,e,n,t,i,f,i,c, ,P,r,o,d,u,c,t,s
S,a,l,e,s, ,R,e,p,r,e,s,e,n,t,a,t,i,v,e,s,",", ,W,h,o,l,e,s,a,l,e, ,a,n,d, ,M,a,n,u,f,a,c,t,u,r,i,n,g,",", ,E,x,c,e,p,t, ,T,e,c,h,n,i,c,a,l, ,a,n,d, ,S,c,i,e,n,t,i,f,i,c, ,P,r,o,d,u,c,t,s
D,e,m,o,n,s,t,r,a,t,o,r,s, ,a,n,d, ,P,r,o,d,u,c,t, ,P,r,o,m,o,t,e,r,s
R,e,a,l, ,E,s,t,a,t,e, ,B,r,o,k,e,r,s
R,e,a,l, ,E,s,t,a,t,e, ,S,a,l,e,s, ,A,g,e,n,t,s
S,a,l,e,s, ,E,n,g,i,n,e,e,r,s
T,e,l,e,m,a,r,k,e,t,e,r,s
S,a,l,e,s, ,a,n,d, ,R,e,l,a,t,e,d, ,W,o,r,k,e,r,s,",", ,A,l,l, ,O,t,h,e,r
F,i,r,s,t,-,L,i,n,e, ,S,u,p,e,r,v,i,s,o,r,s, ,o,f, ,O,f,f,i,c,e, ,a,n,d, ,A,d,m,i,n,i,s,t,r,a,t,i,v,e, ,S,u,p,p,o,r,t, ,W,o,r,k,e,r,s
S,w,i,t,c,h,b,o,a,r,d, ,O,p,e,r,a,t,o,r,s,",", ,I,n,c,l,u,d,i,n,g, ,A,n,s,w,e,r,i,n,g, ,S,e,r,v,i,c,e
T,e,l,e,p,h,o,n,e, ,O,p,e,r,a,t,o,r,s
B,i,l,l, ,a,n,d, ,A,c,c,o,u,n,t, ,C,o,l,l,e,c,t,o,r,s
B,i,l,l,i,n,g, ,a,n,d, ,P,o,s,t,i,n,g, ,C,l,e,r,k,s
B,o,o,k,k,e,e,p,i,n,g,",", ,A,c,c,o,u,n,t,i,n,g,",", ,a,n,d, ,A,u,d,i,t,i,n,g, ,C,l,e,r,k,s
P,a,y,r,o,l,l, ,a,n,d, ,T,i,m,e,k,e,e,p,i,n,g, ,C,l,e,r,k,s
P,r,o,c,u,r,e,m,e,n,t, ,C,l,e,r,k,s
T,e,l,l,e,r,s
F,i,n,a,n,c,i,a,l, ,C,l,e,r,k,s,",", ,A,l,l, ,O,t,h,e,r
B,r,o,k,e,r,a,g,e, ,C,l,e,r,k,s
C,o,r,r,e,s,p,o,n,d,e,n,c,e, ,C,l,e,r,k,s
C,o,u,r,t,",", ,M,u,n,i,c,i,p,a,l,",", ,a,n,d, ,L,i,c,e,n,s,e, ,C,l,e,r,k,s
C,r,e,d,i,t, ,A,u,t,h,o,r,i,z,e,r,s,",", ,C,h,e,c,k,e,r,s,",", ,a,n,d, ,C,l,e,r,k,s
C,u,s,t,o,m,e,r, ,S,e,r,v,i,c,e, ,R,e,p,r,e,s,e,n,t,a,t,i,v,e,s
E,l,i,g,i,b,i,l,i,t,y, ,I,n,t,e,r,v,i,e,w,e,r,s,",", ,G,o,v,e,r,n,m,e,n,t, ,P,r,o,g,r,a,m,s
F,i,l,e, ,C,l,e,r,k,s
H,o,t,e,l,",", ,M,o,t,e,l,",", ,a,n,d, ,R,e,s,o,r,t, ,D,e,s,k, ,C,l,e,r,k,s
I,n,t,e,r,v,i,e,w,e,r,s,",", ,E,x,c,e,p,t, ,E,l,i,g,i,b,i,l,i,t,y, ,a,n,d, ,L,o,a,n
L,i,b,r,a,r,y, ,A,s,s,i,s,t,a,n,t,s,",", ,C,l,e,r,i,c,a,l
L,o,a,n, ,I,n,t,e,r,v,i,e,w,e,r,s, ,a,n,d, ,C,l,e,r,k,s
N,e,w, ,A,c,c,o,u,n,t,s, ,C,l,e,r,k,s
O,r,d,e,r, ,C,l,e,r,k,s
H,u,m,a,n, ,R,e,s,o,u,r,c,e,s, ,A,s,s,i,s,t,a,n,t,s,",", ,E,x,c,e,p,t, ,P,a,y,r,o,l,l, ,a,n,d, ,T,i,m,e,k,e,e,p,i,n,g
R,e,c,e,p,t,i,o,n,i,s,t,s, ,a,n,d, ,I,n,f,o,r,m,a,t,i,o,n, ,C,l,e,r,k,s
R,e,s,e,r,v,a,t,i,o,n, ,a,n,d, ,T,r,a,n,s,p,o,r,t,a,t,i,o,n, ,T,i,c,k,e,t, ,A,g,e,n,t,s, ,a,n,d, ,T,r,a,v,e,l, ,C,l,e,r,k,s
I,n,f,o,r,m,a,t,i,o,n, ,a,n,d, ,R,e,c,o,r,d, ,C,l,e,r,k,s,",", ,A,l,l, ,O,t,h,e,r
C,a,r,g,o, ,a,n,d, ,F,r,e,i,g,h,t, ,A,g,e,n,t,s
C,o,u,r,i,e,r,s, ,a,n,d, ,M,e,s,s,e,n,g,e,r,s
P,o,l,i,c,e,",", ,F,i,r,e,",", ,a,n,d, ,A,m,b,u,l,a,n,c,e, ,D,i,s,p,a,t,c,h,e,r,s
D,i,s,p,a,t,c,h,e,r,s,",", ,E,x,c,e,p,t, ,P,o,l,i,c,e,",", ,F,i,r,e,",", ,a,n,d, ,A,m,b,u,l,a,n,c,e
M,e,t,e,r, ,R,e,a,d,e,r,s,",", ,U,t,i,l,i,t,i,e,s
P,o,s,t,a,l, ,S,e,r,v,i,c,e, ,C,l,e,r,k,s
P,o,s,t,a,l, ,S,e,r,v,i,c,e, ,M,a,i,l, ,C,a,r,r,i,e,r,s
P,o,s,t,a,l, ,S,e,r,v,i,c,e, ,M,a,i,l, ,S,o,r,t,e,r,s,",", ,P,r,o,c,e,s,s,o,r,s,",", ,a,n,d, ,P,r,o,c,e,s,s,i,n,g, ,M,a,c,h,i,n,e, ,O,p,e,r,a,t,o,r,s
P,r,o,d,u,c,t,i,o,n,",", ,P,l,a,n,n,i,n,g,",", ,a,n,d, ,E,x,p,e,d,i,t,i,n,g, ,C,l,e,r,k,s
S,h,i,p,p,i,n,g,",", ,R,e,c,e,i,v,i,n,g,",", ,a,n,d, ,T,r,a,f,f,i,c, ,C,l,e,r,k,s
S,t,o,c,k, ,C,l,e,r,k,s, ,a,n,d, ,O,r,d,e,r, ,F,i,l,l,e,r,s
W,e,i,g,h,e,r,s,",", ,M,e,a,s,u,r,e,r,s,",", ,C,h,e,c,k,e,r,s,",", ,a,n,d, ,S,a,m,p,l,e,r,s,",", ,R,e,c,o,r,d,k,e,e,p,i,n,g
E,x,e,c,u,t,i,v,e, ,S,e,c,r,e,t,a,r,i,e,s, ,a,n,d, ,E,x,e,c,u,t,i,v,e, ,A,d,m,i,n,i,s,t,r,a,t,i,v,e, ,A,s,s,i,s,t,a,n,t,s
L,e,g,a,l, ,S,e,c,r,e,t,a,r,i,e,s
M,e,d,i,c,a,l, ,S,e,c,r,e,t,a,r,i,e,s
S,e,c,r,e,t,a,r,i,e,s, ,a,n,d, ,A,d,m,i,n,i,s,t,r,a,t,i,v,e, ,A,s,s,i,s,t,a,n,t,s,",", ,E,x,c,e,p,t, ,L,e,g,a,l,",", ,M,e,d,i,c,a,l,",", ,a,n,d, ,E,x,e,c,u,t,i,v,e
C,o,m,p,u,t,e,r, ,O,p,e,r,a,t,o,r,s
D,a,t,a, ,E,n,t,r,y, ,K,e,y,e,r,s
W,o,r,d, ,P,r,o,c,e,s,s,o,r,s, ,a,n,d, ,T,y,p,i,s,t,s
D,e,s,k,t,o,p, ,P,u,b,l,i,s,h,e,r,s
I,n,s,u,r,a,n,c,e, ,C,l,a,i,m,s, ,a,n,d, ,P,o,l,i,c,y, ,P,r,o,c,e,s,s,i,n,g, ,C,l,e,r,k,s
M,a,i,l, ,C,l,e,r,k,s, ,a,n,d, ,M,a,i,l, ,M,a,c,h,i,n,e, ,O,p,e,r,a,t,o,r,s,",", ,E,x,c,e,p,t, ,P,o,s,t,a,l, ,S,e,r,v,i,c,e
O,f,f,i,c,e, ,C,l,e,r,k,s,",", ,G,e,n,e,r,a,l
O,f,f,i,c,e, ,M,a,c,h,i,n,e, ,O,p,e,r,a,t,o,r,s,",", ,E,x,c,e,p,t, ,C,o,m,p,u,t,e,r
S,t,a,t,i,s,t,i,c,a,l, ,A,s,s,i,s,t,a,n,t,s
O,f,f,i,c,e, ,a,n,d, ,A,d,m,i,n,i,s,t,r,a,t,i,v,e, ,S,u,p,p,o,r,t, ,W,o,r,k,e,r,s,",", ,A,l,l, ,O,t,h,e,r
F,i,r,s,t,-,L,i,n,e, ,S,u,p,e,r,v,i,s,o,r,s, ,o,f, ,F,a,r,m,i,n,g,",", ,F,i,s,h,i,n,g,",", ,a,n,d, ,F,o,r,e,s,t,r,y, ,W,o,r,k,e,r,s
A,g,r,i,c,u,l,t,u,r,a,l, ,I,n,s,p,e,c,t,o,r,s
G,r,a,d,e,r,s, ,a,n,d, ,S,o,r,t,e,r,s,",", ,A,g,r,i,c,u,l,t,u,r,a,l, ,P,r,o,d,u,c,t,s
A,g,r,i,c,u,l,t,u,r,a,l, ,E,q,u,i,p,m,e,n,t, ,O,p,e,r,a,t,o,r,s
F,a,r,m,w,o,r,k,e,r,s, ,a,n,d, ,L,a,b,o,r,e,r,s,",", ,C,r,o,p,",", ,N,u,r,s,e,r,y,",", ,a,n,d, ,G,r,e,e,n,h,o,u,s,e
F,a,r,m,w,o,r,k,e,r,s,",", ,F,a,r,m,",", ,R,a,n,c,h,",", ,a,n,d, ,A,q,u,a,c,u,l,t,u,r,a,l, ,A,n,i,m,a,l,s
A,g,r,i,c,u,l,t,u,r,a,l, ,W,o,r,k,e,r,s,",", ,A,l,l, ,O,t,h,e,r
F,o,r,e,s,t, ,a,n,d, ,C,o,n,s,e,r,v,a,t,i,o,n, ,W,o,r,k,e,r,s
F,a,l,l,e,r,s
L,o,g,g,i,n,g, ,E,q,u,i,p,m,e,n,t, ,O,p,e,r,a,t,o,r,s
L,o,g, ,G,r,a,d,e,r,s, ,a,n,d, ,S,c,a,l,e,r,s
L,o,g,g,i,n,g, ,W,o,r,k,e,r,s,",", ,A,l,l, ,O,t,h,e,r
F,i,r,s,t,-,L,i,n,e, ,S,u,p,e,r,v,i,s,o,r,s, ,o,f, ,C,o,n,s,t,r,u,c,t,i,o,n, ,T,r,a,d,e,s, ,a,n,d, ,E,x,t,r,a,c,t,i,o,n, ,W,o,r,k,e,r,s
B,o,i,l,e,r,m,a,k,e,r,s
B,r,i,c,k,m,a,s,o,n,s, ,a,n,d, ,B,l,o,c,k,m,a,s,o,n,s
S,t,o,n,e,m,a,s,o,n,s
C,a,r,p,e,n,t,e,r,s
C,a,r,p,e,t, ,I,n,s,t,a,l,l,e,r,s
F,l,o,o,r, ,L,a,y,e,r,s,",", ,E,x,c,e,p,t, ,C,a,r,p,e,t,",", ,W,o,o,d,",", ,a,n,d, ,H,a,r,d, ,T,i,l,e,s
F,l,o,o,r, ,S,a,n,d,e,r,s, ,a,n,d, ,F,i,n,i,s,h,e,r,s
T,i,l,e, ,a,n,d, ,M,a,r,b,l,e, ,S,e,t,t,e,r,s
C,e,m,e,n,t, ,M,a,s,o,n,s, ,a,n,d, ,C,o,n,c,r,e,t,e, ,F,i,n,i,s,h,e,r,s
C,o,n,s,t,r,u,c,t,i,o,n, ,L,a,b,o,r,e,r,s
P,a,v,i,n,g,",", ,S,u,r,f,a,c,i,n,g,",", ,a,n,d, ,T,a,m,p,i,n,g, ,E,q,u,i,p,m,e,n,t, ,O,p,e,r,a,t,o,r,s
O,p,e,r,a,t,i,n,g, ,E,n,g,i,n,e,e,r,s, ,a,n,d, ,O,t,h,e,r, ,C,o,n,s,t,r,u,c,t,i,o,n, ,E,q,u,i,p,m,e,n,t, ,O,p,e,r,a,t,o,r,s
D,r,y,w,a,l,l, ,a,n,d, ,C,e,i,l,i,n,g, ,T,i,l,e, ,I,n,s,t,a,l,l,e,r,s
E,l,e,c,t,r,i,c,i,a,n,s
G,l,a,z,i,e,r,s
I,n,s,u,l,a,t,i,o,n, ,W,o,r,k,e,r,s,",", ,F,l,o,o,r,",", ,C,e,i,l,i,n,g,",", ,a,n,d, ,W,a,l,l
I,n,s,u,l,a,t,i,o,n, ,W,o,r,k,e,r,s,",", ,M,e,c,h,a,n,i,c,a,l
P,a,i,n,t,e,r,s,",", ,C,o,n,s,t,r,u,c,t,i,o,n, ,a,n,d, ,M,a,i,n,t,e,n,a,n,c,e
P,i,p,e,l,a,y,e,r,s
P,l,u,m,b,e,r,s,",", ,P,i,p,e,f,i,t,t,e,r,s,",", ,a,n,d, ,S,t,e,a,m,f,i,t,t,e,r,s
P,l,a,s,t,e,r,e,r,s, ,a,n,d, ,S,t,u,c,c,o, ,M,a,s,o,n,s
R,o,o,f,e,r,s
S,h,e,e,t, ,M,e,t,a,l, ,W,o,r,k,e,r,s
S,t,r,u,c,t,u,r,a,l, ,I,r,o,n, ,a,n,d, ,S,t,e,e,l, ,W,o,r,k,e,r,s
H,e,l,p,e,r,s,-,-,B,r,i,c,k,m,a,s,o,n,s,",", ,B,l,o,c,k,m,a,s,o,n,s,",", ,S,t,o,n,e,m,a,s,o,n,s,",", ,a,n,d, ,T,i,l,e, ,a,n,d, ,M,a,r,b,l,e, ,S,e,t,t,e,r,s
H,e,l,p,e,r,s,-,-,C,a,r,p,e,n,t,e,r,s
H,e,l,p,e,r,s,-,-,E,l,e,c,t,r,i,c,i,a,n,s
H,e,l,p,e,r,s,-,-,P,a,i,n,t,e,r,s,",", ,P,a,p,e,r,h,a,n,g,e,r,s,",", ,P,l,a,s,t,e,r,e,r,s,",", ,a,n,d, ,S,t,u,c,c,o, ,M,a,s,o,n,s
H,e,l,p,e,r,s,-,-,P,i,p,e,l,a,y,e,r,s,",", ,P,l,u,m,b,e,r,s,",", ,P,i,p,e,f,i,t,t,e,r,s,",", ,a,n,d, ,S,t,e,a,m,f,i,t,t,e,r,s
H,e,l,p,e,r,s,-,-,R,o,o,f,e,r,s
H,e,l,p,e,r,s,",", ,C,o,n,s,t,r,u,c,t,i,o,n, ,T,r,a,d,e,s,",", ,A,l,l, ,O,t,h,e,r
C,o,n,s,t,r,u,c,t,i,o,n, ,a,n,d, ,B,u,i,l,d,i,n,g, ,I,n,s,p,e,c,t,o,r,s
E,l,e,v,a,t,o,r, ,I,n,s,t,a,l,l,e,r,s, ,a,n,d, ,R,e,p,a,i,r,e,r,s
F,e,n,c,e, ,E,r,e,c,t,o,r,s
H,a,z,a,r,d,o,u,s, ,M,a,t,e,r,i,a,l,s, ,R,e,m,o,v,a,l, ,W,o,r,k,e,r,s
H,i,g,h,w,a,y, ,M,a,i,n,t,e,n,a,n,c,e, ,W,o,r,k,e,r,s
R,a,i,l,-,T,r,a,c,k, ,L,a,y,i,n,g, ,a,n,d, ,M,a,i,n,t,e,n,a,n,c,e, ,E,q,u,i,p,m,e,n,t, ,O,p,e,r,a,t,o,r,s
S,e,p,t,i,c, ,T,a,n,k, ,S,e,r,v,i,c,e,r,s, ,a,n,d, ,S,e,w,e,r, ,P,i,p,e, ,C,l,e,a,n,e,r,s
C,o,n,s,t,r,u,c,t,i,o,n, ,a,n,d, ,R,e,l,a,t,e,d, ,W,o,r,k,e,r,s,",", ,A,l,l, ,O,t,h,e,r
R,o,t,a,r,y, ,D,r,i,l,l, ,O,p,e,r,a,t,o,r,s,",", ,O,i,l, ,a,n,d, ,G,a,s
S,e,r,v,i,c,e, ,U,n,i,t, ,O,p,e,r,a,t,o,r,s,",", ,O,i,l,",", ,G,a,s,",", ,a,n,d, ,M,i,n,i,n,g
E,a,r,t,h, ,D,r,i,l,l,e,r,s,",", ,E,x,c,e,p,t, ,O,i,l, ,a,n,d, ,G,a,s
E,x,p,l,o,s,i,v,e,s, ,W,o,r,k,e,r,s,",", ,O,r,d,n,a,n,c,e, ,H,a,n,d,l,i,n,g, ,E,x,p,e,r,t,s,",", ,a,n,d, ,B,l,a,s,t,e,r,s
C,o,n,t,i,n,u,o,u,s, ,M,i,n,i,n,g, ,M,a,c,h,i,n,e, ,O,p,e,r,a,t,o,r,s
M,i,n,e, ,C,u,t,t,i,n,g, ,a,n,d, ,C,h,a,n,n,e,l,i,n,g, ,M,a,c,h,i,n,e, ,O,p,e,r,a,t,o,r,s
M,i,n,i,n,g, ,M,a,c,h,i,n,e, ,O,p,e,r,a,t,o,r,s,",", ,A,l,l, ,O,t,h,e,r
R,o,u,s,t,a,b,o,u,t,s,",", ,O,i,l, ,a,n,d, ,G,a,s
H,e,l,p,e,r,s,-,-,E,x,t,r,a,c,t,i,o,n, ,W,o,r,k,e,r,s
E,x,t,r,a,c,t,i,o,n, ,W,o,r,k,e,r,s,",", ,A,l,l, ,O,t,h,e,r
F,i,r,s,t,-,L,i,n,e, ,S,u,p,e,r,v,i,s,o,r,s, ,o,f, ,M,e,c,h,a,n,i,c,s,",", ,I,n,s,t,a,l,l,e,r,s,",", ,a,n,d, ,R,e,p,a,i,r,e,r,s
C,o,m,p,u,t,e,r,",", ,A,u,t,o,m,a,t,e,d, ,T,e,l,l,e,r,",", ,a,n,d, ,O,f,f,i,c,e, ,M,a,c,h,i,n,e, ,R,e,p,a,i,r,e,r,s
R,a,d,i,o,",", ,C,e,l,l,u,l,a,r,",", ,a,n,d, ,T,o,w,e,r, ,E,q,u,i,p,m,e,n,t, ,I,n,s,t,a,l,l,e,r,s, ,a,n,d, ,R,e,p,a,i,r,e,r,s
T,e,l,e,c,o,m,m,u,n,i,c,a,t,i,o,n,s, ,E,q,u,i,p,m,e,n,t, ,I,n,s,t,a,l,l,e,r,s, ,a,n,d, ,R,e,p,a,i,r,e,r,s,",", ,E,x,c,e,p,t, ,L,i,n,e, ,I,n,s,t,a,l,l,e,r,s
A,v,i,o,n,i,c,s, ,T,e,c,h,n,i,c,i,a,n,s
E,l,e,c,t,r,i,c, ,M,o,t,o,r,",", ,P,o,w,e,r, ,T,o,o,l,",", ,a,n,d, ,R,e,l,a,t,e,d, ,R,e,p,a,i,r,e,r,s
E,l,e,c,t,r,i,c,a,l, ,a,n,d, ,E,l,e,c,t,r,o,n,i,c,s, ,I,n,s,t,a,l,l,e,r,s, ,a,n,d, ,R,e,p,a,i,r,e,r,s,",", ,T,r,a,n,s,p,o,r,t,a,t,i,o,n, ,E,q,u,i,p,m,e,n,t
E,l,e,c,t,r,i,c,a,l, ,a,n,d, ,E,l,e,c,t,r,o,n,i,c,s, ,R,e,p,a,i,r,e,r,s,",", ,C,o,m,m,e,r,c,i,a,l, ,a,n,d, ,I,n,d,u,s,t,r,i,a,l, ,E,q,u,i,p,m,e,n,t
E,l,e,c,t,r,i,c,a,l, ,a,n,d, ,E,l,e,c,t,r,o,n,i,c,s, ,R,e,p,a,i,r,e,r,s,",", ,P,o,w,e,r,h,o,u,s,e,",", ,S,u,b,s,t,a,t,i,o,n,",", ,a,n,d, ,R,e,l,a,y
E,l,e,c,t,r,o,n,i,c, ,E,q,u,i,p,m,e,n,t, ,I,n,s,t,a,l,l,e,r,s, ,a,n,d, ,R,e,p,a,i,r,e,r,s,",", ,M,o,t,o,r, ,V,e,h,i,c,l,e,s
E,l,e,c,t,r,o,n,i,c, ,H,o,m,e, ,E,n,t,e,r,t,a,i,n,m,e,n,t, ,E,q,u,i,p,m,e,n,t, ,I,n,s,t,a,l,l,e,r,s, ,a,n,d, ,R,e,p,a,i,r,e,r,s
S,e,c,u,r,i,t,y, ,a,n,d, ,F,i,r,e, ,A,l,a,r,m, ,S,y,s,t,e,m,s, ,I,n,s,t,a,l,l,e,r,s
A,i,r,c,r,a,f,t, ,M,e,c,h,a,n,i,c,s, ,a,n,d, ,S,e,r,v,i,c,e, ,T,e,c,h,n,i,c,i,a,n,s
A,u,t,o,m,o,t,i,v,e, ,B,o,d,y, ,a,n,d, ,R,e,l,a,t,e,d, ,R,e,p,a,i,r,e,r,s
A,u,t,o,m,o,t,i,v,e, ,G,l,a,s,s, ,I,n,s,t,a,l,l,e,r,s, ,a,n,d, ,R,e,p,a,i,r,e,r,s
A,u,t,o,m,o,t,i,v,e, ,S,e,r,v,i,c,e, ,T,e,c,h,n,i,c,i,a,n,s, ,a,n,d, ,M,e,c,h,a,n,i,c,s
B,u,s, ,a,n,d, ,T,r,u,c,k, ,M,e,c,h,a,n,i,c,s, ,a,n,d, ,D,i,e,s,e,l, ,E,n,g,i,n,e, ,S,p,e,c,i,a,l,i,s,t,s
F,a,r,m, ,E,q,u,i,p,m,e,n,t, ,M,e,c,h,a,n,i,c,s, ,a,n,d, ,S,e,r,v,i,c,e, ,T,e,c,h,n,i,c,i,a,n,s
M,o,b,i,l,e, ,H,e,a,v,y, ,E,q,u,i,p,m,e,n,t, ,M,e,c,h,a,n,i,c,s,",", ,E,x,c,e,p,t, ,E,n,g,i,n,e,s
R,a,i,l, ,C,a,r, ,R,e,p,a,i,r,e,r,s
M,o,t,o,r,b,o,a,t, ,M,e,c,h,a,n,i,c,s, ,a,n,d, ,S,e,r,v,i,c,e, ,T,e,c,h,n,i,c,i,a,n,s
M,o,t,o,r,c,y,c,l,e, ,M,e,c,h,a,n,i,c,s
O,u,t,d,o,o,r, ,P,o,w,e,r, ,E,q,u,i,p,m,e,n,t, ,a,n,d, ,O,t,h,e,r, ,S,m,a,l,l, ,E,n,g,i,n,e, ,M,e,c,h,a,n,i,c,s
B,i,c,y,c,l,e, ,R,e,p,a,i,r,e,r,s
R,e,c,r,e,a,t,i,o,n,a,l, ,V,e,h,i,c,l,e, ,S,e,r,v,i,c,e, ,T,e,c,h,n,i,c,i,a,n,s
T,i,r,e, ,R,e,p,a,i,r,e,r,s, ,a,n,d, ,C,h,a,n,g,e,r,s
M,e,c,h,a,n,i,c,a,l, ,D,o,o,r, ,R,e,p,a,i,r,e,r,s
C,o,n,t,r,o,l, ,a,n,d, ,V,a,l,v,e, ,I,n,s,t,a,l,l,e,r,s, ,a,n,d, ,R,e,p,a,i,r,e,r,s,",", ,E,x,c,e,p,t, ,M,e,c,h,a,n,i,c,a,l, ,D,o,o,r
H,e,a,t,i,n,g,",", ,A,i,r, ,C,o,n,d,i,t,i,o,n,i,n,g,",", ,a,n,d, ,R,e,f,r,i,g,e,r,a,t,i,o,n, ,M,e,c,h,a,n,i,c,s, ,a,n,d, ,I,n,s,t,a,l,l,e,r,s
H,o,m,e, ,A,p,p,l,i,a,n,c,e, ,R,e,p,a,i,r,e,r,s
I,n,d,u,s,t,r,i,a,l, ,M,a,c,h,i,n,e,r,y, ,M,e,c,h,a,n,i,c,s
M,a,i,n,t,e,n,a,n,c,e, ,W,o,r,k,e,r,s,",", ,M,a,c,h,i,n,e,r,y
M,i,l,l,w,r,i,g,h,t,s
R,e,f,r,a,c,t,o,r,y, ,M,a,t,e,r,i,a,l,s, ,R,e,p,a,i,r,e,r,s,",", ,E,x,c,e,p,t, ,B,r,i,c,k,m,a,s,o,n,s
E,l,e,c,t,r,i,c,a,l, ,P,o,w,e,r,-,L,i,n,e, ,I,n,s,t,a,l,l,e,r,s, ,a,n,d, ,R,e,p,a,i,r,e,r,s
T,e,l,e,c,o,m,m,u,n,i,c,a,t,i,o,n,s, ,L,i,n,e, ,I,n,s,t,a,l,l,e,r,s, ,a,n,d, ,R,e,p,a,i,r,e,r,s
M,e,d,i,c,a,l, ,E,q,u,i,p,m,e,n,t, ,R,e,p,a,i,r,e,r,s
M,u,s,i,c,a,l, ,I,n,s,t,r,u,m,e,n,t, ,R,e,p,a,i,r,e,r,s, ,a,n,d, ,T,u,n,e,r,s
W,a,t,c,h, ,R,e,p,a,i,r,e,r,s
P,r,e,c,i,s,i,o,n, ,I,n,s,t,r,u,m,e,n,t, ,a,n,d, ,E,q,u,i,p,m,e,n,t, ,R,e,p,a,i,r,e,r,s,",", ,A,l,l, ,O,t,h,e,r
M,a,i,n,t,e,n,a,n,c,e, ,a,n,d, ,R,e,p,a,i,r, ,W,o,r,k,e,r,s,",", ,G,e,n,e,r,a,l
C,o,i,n,",", ,V,e,n,d,i,n,g,",", ,a,n,d, ,A,m,u,s,e,m,e,n,t, ,M,a,c,h,i,n,e, ,S,e,r,v,i,c,e,r,s, ,a,n,d, ,R,e,p,a,i,r,e,r,s
C,o,m,m,e,r,c,i,a,l, ,D,i,v,e,r,s
L,o,c,k,s,m,i,t,h,s, ,a,n,d, ,S,a,f,e, ,R,e,p,a,i,r,e,r,s
M,a,n,u,f,a,c,t,u,r,e,d, ,B,u,i,l,d,i,n,g, ,a,n,d, ,M,o,b,i,l,e, ,H,o,m,e, ,I,n,s,t,a,l,l,e,r,s
R,i,g,g,e,r,s
H,e,l,p,e,r,s,-,-,I,n,s,t,a,l,l,a,t,i,o,n,",", ,M,a,i,n,t,e,n,a,n,c,e,",", ,a,n,d, ,R,e,p,a,i,r, ,W,o,r,k,e,r,s
I,n,s,t,a,l,l,a,t,i,o,n,",", ,M,a,i,n,t,e,n,a,n,c,e,",", ,a,n,d, ,R,e,p,a,i,r, ,W,o,r,k,e,r,s,",", ,A,l,l, ,O,t,h,e,r
F,i,r,s,t,-,L,i,n,e, ,S,u,p,e,r,v,i,s,o,r,s, ,o,f, ,P,r,o,d,u,c,t,i,o,n, ,a,n,d, ,O,p,e,r,a,t,i,n,g, ,W,o,r,k,e,r,s
A,i,r,c,r,a,f,t, ,S,t,r,u,c,t,u,r,e,",", ,S,u,r,f,a,c,e,s,",", ,R,i,g,g,i,n,g,",", ,a,n,d, ,S,y,s,t,e,m,s, ,A,s,s,e,m,b,l,e,r,s
C,o,i,l, ,W,i,n,d,e,r,s,",", ,T,a,p,e,r,s,",", ,a,n,d, ,F,i,n,i,s,h,e,r,s
E,l,e,c,t,r,i,c,a,l, ,a,n,d, ,E,l,e,c,t,r,o,n,i,c, ,E,q,u,i,p,m,e,n,t, ,A,s,s,e,m,b,l,e,r,s
E,l,e,c,t,r,o,m,e,c,h,a,n,i,c,a,l, ,E,q,u,i,p,m,e,n,t, ,A,s,s,e,m,b,l,e,r,s
E,n,g,i,n,e, ,a,n,d, ,O,t,h,e,r, ,M,a,c,h,i,n,e, ,A,s,s,e,m,b,l,e,r,s
S,t,r,u,c,t,u,r,a,l, ,M,e,t,a,l, ,F,a,b,r,i,c,a,t,o,r,s, ,a,n,d, ,F,i,t,t,e,r,s
F,i,b,e,r,g,l,a,s,s, ,L,a,m,i,n,a,t,o,r,s, ,a,n,d, ,F,a,b,r,i,c,a,t,o,r,s
T,e,a,m, ,A,s,s,e,m,b,l,e,r,s
A,s,s,e,m,b,l,e,r,s, ,a,n,d, ,F,a,b,r,i,c,a,t,o,r,s,",", ,A,l,l, ,O,t,h,e,r
B,a,k,e,r,s
B,u,t,c,h,e,r,s, ,a,n,d, ,M,e,a,t, ,C,u,t,t,e,r,s
M,e,a,t,",", ,P,o,u,l,t,r,y,",", ,a,n,d, ,F,i,s,h, ,C,u,t,t,e,r,s, ,a,n,d, ,T,r,i,m,m,e,r,s
S,l,a,u,g,h,t,e,r,e,r,s, ,a,n,d, ,M,e,a,t, ,P,a,c,k,e,r,s
F,o,o,d, ,a,n,d, ,T,o,b,a,c,c,o, ,R,o,a,s,t,i,n,g,",", ,B,a,k,i,n,g,",", ,a,n,d, ,D,r,y,i,n,g, ,M,a,c,h,i,n,e, ,O,p,e,r,a,t,o,r,s, ,a,n,d, ,T,e,n,d,e,r,s
F,o,o,d, ,B,a,t,c,h,m,a,k,e,r,s
F,o,o,d, ,C,o,o,k,i,n,g, ,M,a,c,h,i,n,e, ,O,p,e,r,a,t,o,r,s, ,a,n,d, ,T,e,n,d,e,r,s
F,o,o,d, ,P,r,o,c,e,s,s,i,n,g, ,W,o,r,k,e,r,s,",", ,A,l,l, ,O,t,h,e,r
C,o,m,p,u,t,e,r,-,C,o,n,t,r,o,l,l,e,d, ,M,a,c,h,i,n,e, ,T,o,o,l, ,O,p,e,r,a,t,o,r,s,",", ,M,e,t,a,l, ,a,n,d, ,P,l,a,s,t,i,c
C,o,m,p,u,t,e,r, ,N,u,m,e,r,i,c,a,l,l,y, ,C,o,n,t,r,o,l,l,e,d, ,M,a,c,h,i,n,e, ,T,o,o,l, ,P,r,o,g,r,a,m,m,e,r,s,",", ,M,e,t,a,l, ,a,n,d, ,P,l,a,s,t,i,c
E,x,t,r,u,d,i,n,g, ,a,n,d, ,D,r,a,w,i,n,g, ,M,a,c,h,i,n,e, ,S,e,t,t,e,r,s,",", ,O,p,e,r,a,t,o,r,s,",", ,a,n,d, ,T,e,n,d,e,r,s,",", ,M,e,t,a,l, ,a,n,d, ,P,l,a,s,t,i,c
F,o,r,g,i,n,g, ,M,a,c,h,i,n,e, ,S,e,t,t,e,r,s,",", ,O,p,e,r,a,t,o,r,s,",", ,a,n,d, ,T,e,n,d,e,r,s,",", ,M,e,t,a,l, ,a,n,d, ,P,l,a,s,t,i,c
R,o,l,l,i,n,g, ,M,a,c,h,i,n,e, ,S,e,t,t,e,r,s,",", ,O,p,e,r,a,t,o,r,s,",", ,a,n,d, ,T,e,n,d,e,r,s,",", ,M,e,t,a,l, ,a,n,d, ,P,l,a,s,t,i,c
C,u,t,t,i,n,g,",", ,P,u,n,c,h,i,n,g,",", ,a,n,d, ,P,r,e,s,s, ,M,a,c,h,i,n,e, ,S,e,t,t,e,r,s,",", ,O,p,e,r,a,t,o,r,s,",", ,a,n,d, ,T,e,n,d,e,r,s,",", ,M,e,t,a,l, ,a,n,d, ,P,l,a,s,t,i,c
D,r,i,l,l,i,n,g, ,a,n,d, ,B,o,r,i,n,g, ,M,a,c,h,i,n,e, ,T,o,o,l, ,S,e,t,t,e,r,s,",", ,O,p,e,r,a,t,o,r,s,",", ,a,n,d, ,T,e,n,d,e,r,s,",", ,M,e,t,a,l, ,a,n,d, ,P,l,a,s,t,i,c
G,r,i,n,d,i,n,g,",", ,L,a,p,p,i,n,g,",", ,P,o,l,i,s,h,i,n,g,",", ,a,n,d, ,B,u,f,f,i,n,g, ,M,a,c,h,i,n,e, ,T,o,o,l, ,S,e,t,t,e,r,s,",", ,O,p,e,r,a,t,o,r,s,",", ,a,n,d, ,T,e,n,d,e,r,s,",", ,M,e,t,a,l, ,a,n,d, ,P,l,a,s,t,i,c
L,a,t,h,e, ,a,n,d, ,T,u,r,n,i,n,g, ,M,a,c,h,i,n,e, ,T,o,o,l, ,S,e,t,t,e,r,s,",", ,O,p,e,r,a,t,o,r,s,",", ,a,n,d, ,T,e,n,d,e,r,s,",", ,M,e,t,a,l, ,a,n,d, ,P,l,a,s,t,i,c
M,i,l,l,i,n,g, ,a,n,d, ,P,l,a,n,i,n,g, ,M,a,c,h,i,n,e, ,S,e,t,t,e,r,s,",", ,O,p,e,r,a,t,o,r,s,",", ,a,n,d, ,T,e,n,d,e,r,s,",", ,M,e,t,a,l, ,a,n,d, ,P,l,a,s,t,i,c
M,a,c,h,i,n,i,s,t,s
M,e,t,a,l,-,R,e,f,i,n,i,n,g, ,F,u,r,n,a,c,e, ,O,p,e,r,a,t,o,r,s, ,a,n,d, ,T,e,n,d,e,r,s
P,o,u,r,e,r,s, ,a,n,d, ,C,a,s,t,e,r,s,",", ,M,e,t,a,l
M,o,d,e,l, ,M,a,k,e,r,s,",", ,M,e,t,a,l, ,a,n,d, ,P,l,a,s,t,i,c
P,a,t,t,e,r,n,m,a,k,e,r,s,",", ,M,e,t,a,l, ,a,n,d, ,P,l,a,s,t,i,c
F,o,u,n,d,r,y, ,M,o,l,d, ,a,n,d, ,C,o,r,e,m,a,k,e,r,s
M,o,l,d,i,n,g,",", ,C,o,r,e,m,a,k,i,n,g,",", ,a,n,d, ,C,a,s,t,i,n,g, ,M,a,c,h,i,n,e, ,S,e,t,t,e,r,s,",", ,O,p,e,r,a,t,o,r,s,",", ,a,n,d, ,T,e,n,d,e,r,s,",", ,M,e,t,a,l, ,a,n,d, ,P,l,a,s,t,i,c
M,u,l,t,i,p,l,e, ,M,a,c,h,i,n,e, ,T,o,o,l, ,S,e,t,t,e,r,s,",", ,O,p,e,r,a,t,o,r,s,",", ,a,n,d, ,T,e,n,d,e,r,s,",", ,M,e,t,a,l, ,a,n,d, ,P,l,a,s,t,i,c
T,o,o,l, ,a,n,d, ,D,i,e, ,M,a,k,e,r,s
W,e,l,d,e,r,s,",", ,C,u,t,t,e,r,s,",", ,S,o,l,d,e,r,e,r,s,",", ,a,n,d, ,B,r,a,z,e,r,s
W,e,l,d,i,n,g,",", ,S,o,l,d,e,r,i,n,g,",", ,a,n,d, ,B,r,a,z,i,n,g, ,M,a,c,h,i,n,e, ,S,e,t,t,e,r,s,",", ,O,p,e,r,a,t,o,r,s,",", ,a,n,d, ,T,e,n,d,e,r,s
H,e,a,t, ,T,r,e,a,t,i,n,g, ,E,q,u,i,p,m,e,n,t, ,S,e,t,t,e,r,s,",", ,O,p,e,r,a,t,o,r,s,",", ,a,n,d, ,T,e,n,d,e,r,s,",", ,M,e,t,a,l, ,a,n,d, ,P,l,a,s,t,i,c
L,a,y,o,u,t, ,W,o,r,k,e,r,s,",", ,M,e,t,a,l, ,a,n,d, ,P,l,a,s,t,i,c
P,l,a,t,i,n,g, ,a,n,d, ,C,o,a,t,i,n,g, ,M,a,c,h,i,n,e, ,S,e,t,t,e,r,s,",", ,O,p,e,r,a,t,o,r,s,",", ,a,n,d, ,T,e,n,d,e,r,s,",", ,M,e,t,a,l, ,a,n,d, ,P,l,a,s,t,i,c
T,o,o,l, ,G,r,i,n,d,e,r,s,",", ,F,i,l,e,r,s,",", ,a,n,d, ,S,h,a,r,p,e,n,e,r,s
P,r,e,p,r,e,s,s, ,T,e,c,h,n,i,c,i,a,n,s, ,a,n,d, ,W,o,r,k,e,r,s
P,r,i,n,t,i,n,g, ,P,r,e,s,s, ,O,p,e,r,a,t,o,r,s
P,r,i,n,t, ,B,i,n,d,i,n,g, ,a,n,d, ,F,i,n,i,s,h,i,n,g, ,W,o,r,k,e,r,s
L,a,u,n,d,r,y, ,a,n,d, ,D,r,y,-,C,l,e,a,n,i,n,g, ,W,o,r,k,e,r,s
P,r,e,s,s,e,r,s,",", ,T,e,x,t,i,l,e,",", ,G,a,r,m,e,n,t,",", ,a,n,d, ,R,e,l,a,t,e,d, ,M,a,t,e,r,i,a,l,s
S,e,w,i,n,g, ,M,a,c,h,i,n,e, ,O,p,e,r,a,t,o,r,s
S,h,o,e, ,a,n,d, ,L,e,a,t,h,e,r, ,W,o,r,k,e,r,s, ,a,n,d, ,R,e,p,a,i,r,e,r,s
S,e,w,e,r,s,",", ,H,a,n,d
T,a,i,l,o,r,s,",", ,D,r,e,s,s,m,a,k,e,r,s,",", ,a,n,d, ,C,u,s,t,o,m, ,S,e,w,e,r,s
T,e,x,t,i,l,e, ,B,l,e,a,c,h,i,n,g, ,a,n,d, ,D,y,e,i,n,g, ,M,a,c,h,i,n,e, ,O,p,e,r,a,t,o,r,s, ,a,n,d, ,T,e,n,d,e,r,s
T,e,x,t,i,l,e, ,C,u,t,t,i,n,g, ,M,a,c,h,i,n,e, ,S,e,t,t,e,r,s,",", ,O,p,e,r,a,t,o,r,s,",", ,a,n,d, ,T,e,n,d,e,r,s
T,e,x,t,i,l,e, ,K,n,i,t,t,i,n,g, ,a,n,d, ,W,e,a,v,i,n,g, ,M,a,c,h,i,n,e, ,S,e,t,t,e,r,s,",", ,O,p,e,r,a,t,o,r,s,",", ,a,n,d, ,T,e,n,d,e,r,s
T,e,x,t,i,l,e, ,W,i,n,d,i,n,g,",", ,T,w,i,s,t,i,n,g,",", ,a,n,d, ,D,r,a,w,i,n,g, ,O,u,t, ,M,a,c,h,i,n,e, ,S,e,t,t,e,r,s,",", ,O,p,e,r,a,t,o,r,s,",", ,a,n,d, ,T,e,n,d,e,r,s
E,x,t,r,u,d,i,n,g, ,a,n,d, ,F,o,r,m,i,n,g, ,M,a,c,h,i,n,e, ,S,e,t,t,e,r,s,",", ,O,p,e,r,a,t,o,r,s,",", ,a,n,d, ,T,e,n,d,e,r,s,",", ,S,y,n,t,h,e,t,i,c, ,a,n,d, ,G,l,a,s,s, ,F,i,b,e,r,s
U,p,h,o,l,s,t,e,r,e,r,s
T,e,x,t,i,l,e,",", ,A,p,p,a,r,e,l,",", ,a,n,d, ,F,u,r,n,i,s,h,i,n,g,s, ,W,o,r,k,e,r,s,",", ,A,l,l, ,O,t,h,e,r
C,a,b,i,n,e,t,m,a,k,e,r,s, ,a,n,d, ,B,e,n,c,h, ,C,a,r,p,e,n,t,e,r,s
F,u,r,n,i,t,u,r,e, ,F,i,n,i,s,h,e,r,s
S,a,w,i,n,g, ,M,a,c,h,i,n,e, ,S,e,t,t,e,r,s,",", ,O,p,e,r,a,t,o,r,s,",", ,a,n,d, ,T,e,n,d,e,r,s,",", ,W,o,o,d
W,o,o,d,w,o,r,k,i,n,g, ,M,a,c,h,i,n,e, ,S,e,t,t,e,r,s,",", ,O,p,e,r,a,t,o,r,s,",", ,a,n,d, ,T,e,n,d,e,r,s,",", ,E,x,c,e,p,t, ,S,a,w,i,n,g
W,o,o,d,w,o,r,k,e,r,s,",", ,A,l,l, ,O,t,h,e,r
P,o,w,e,r, ,D,i,s,t,r,i,b,u,t,o,r,s, ,a,n,d, ,D,i,s,p,a,t,c,h,e,r,s
P,o,w,e,r, ,P,l,a,n,t, ,O,p,e,r,a,t,o,r,s
S,t,a,t,i,o,n,a,r,y, ,E,n,g,i,n,e,e,r,s, ,a,n,d, ,B,o,i,l,e,r, ,O,p,e,r,a,t,o,r,s
W,a,t,e,r, ,a,n,d, ,W,a,s,t,e,w,a,t,e,r, ,T,r,e,a,t,m,e,n,t, ,P,l,a,n,t, ,a,n,d, ,S,y,s,t,e,m, ,O,p,e,r,a,t,o,r,s
C,h,e,m,i,c,a,l, ,P,l,a,n,t, ,a,n,d, ,S,y,s,t,e,m, ,O,p,e,r,a,t,o,r,s
G,a,s, ,P,l,a,n,t, ,O,p,e,r,a,t,o,r,s
P,e,t,r,o,l,e,u,m, ,P,u,m,p, ,S,y,s,t,e,m, ,O,p,e,r,a,t,o,r,s,",", ,R,e,f,i,n,e,r,y, ,O,p,e,r,a,t,o,r,s,",", ,a,n,d, ,G,a,u,g,e,r,s
P,l,a,n,t, ,a,n,d, ,S,y,s,t,e,m, ,O,p,e,r,a,t,o,r,s,",", ,A,l,l, ,O,t,h,e,r
C,h,e,m,i,c,a,l, ,E,q,u,i,p,m,e,n,t, ,O,p,e,r,a,t,o,r,s, ,a,n,d, ,T,e,n,d,e,r,s
S,e,p,a,r,a,t,i,n,g,",", ,F,i,l,t,e,r,i,n,g,",", ,C,l,a,r,i,f,y,i,n,g,",", ,P,r,e,c,i,p,i,t,a,t,i,n,g,",", ,a,n,d, ,S,t,i,l,l, ,M,a,c,h,i,n,e, ,S,e,t,t,e,r,s,",", ,O,p,e,r,a,t,o,r,s,",", ,a,n,d, ,T,e,n,d,e,r,s
C,r,u,s,h,i,n,g,",", ,G,r,i,n,d,i,n,g,",", ,a,n,d, ,P,o,l,i,s,h,i,n,g, ,M,a,c,h,i,n,e, ,S,e,t,t,e,r,s,",", ,O,p,e,r,a,t,o,r,s,",", ,a,n,d, ,T,e,n,d,e,r,s
G,r,i,n,d,i,n,g, ,a,n,d, ,P,o,l,i,s,h,i,n,g, ,W,o,r,k,e,r,s,",", ,H,a,n,d
M,i,x,i,n,g, ,a,n,d, ,B,l,e,n,d,i,n,g, ,M,a,c,h,i,n,e, ,S,e,t,t,e,r,s,",", ,O,p,e,r,a,t,o,r,s,",", ,a,n,d, ,T,e,n,d,e,r,s
C,u,t,t,e,r,s, ,a,n,d, ,T,r,i,m,m,e,r,s,",", ,H,a,n,d
C,u,t,t,i,n,g, ,a,n,d, ,S,l,i,c,i,n,g, ,M,a,c,h,i,n,e, ,S,e,t,t,e,r,s,",", ,O,p,e,r,a,t,o,r,s,",", ,a,n,d, ,T,e,n,d,e,r,s
E,x,t,r,u,d,i,n,g,",", ,F,o,r,m,i,n,g,",", ,P,r,e,s,s,i,n,g,",", ,a,n,d, ,C,o,m,p,a,c,t,i,n,g, ,M,a,c,h,i,n,e, ,S,e,t,t,e,r,s,",", ,O,p,e,r,a,t,o,r,s,",", ,a,n,d, ,T,e,n,d,e,r,s
F,u,r,n,a,c,e,",", ,K,i,l,n,",", ,O,v,e,n,",", ,D,r,i,e,r,",", ,a,n,d, ,K,e,t,t,l,e, ,O,p,e,r,a,t,o,r,s, ,a,n,d, ,T,e,n,d,e,r,s
I,n,s,p,e,c,t,o,r,s,",", ,T,e,s,t,e,r,s,",", ,S,o,r,t,e,r,s,",", ,S,a,m,p,l,e,r,s,",", ,a,n,d, ,W,e,i,g,h,e,r,s
J,e,w,e,l,e,r,s, ,a,n,d, ,P,r,e,c,i,o,u,s, ,S,t,o,n,e, ,a,n,d, ,M,e,t,a,l, ,W,o,r,k,e,r,s
D,e,n,t,a,l, ,L,a,b,o,r,a,t,o,r,y, ,T,e,c,h,n,i,c,i,a,n,s
M,e,d,i,c,a,l, ,A,p,p,l,i,a,n,c,e, ,T,e,c,h,n,i,c,i,a,n,s
O,p,h,t,h,a,l,m,i,c, ,L,a,b,o,r,a,t,o,r,y, ,T,e,c,h,n,i,c,i,a,n,s
P,a,c,k,a,g,i,n,g, ,a,n,d, ,F,i,l,l,i,n,g, ,M,a,c,h,i,n,e, ,O,p,e,r,a,t,o,r,s, ,a,n,d, ,T,e,n,d,e,r,s
C,o,a,t,i,n,g,",", ,P,a,i,n,t,i,n,g,",", ,a,n,d, ,S,p,r,a,y,i,n,g, ,M,a,c,h,i,n,e, ,S,e,t,t,e,r,s,",", ,O,p,e,r,a,t,o,r,s,",", ,a,n,d, ,T,e,n,d,e,r,s
P,a,i,n,t,e,r,s,",", ,T,r,a,n,s,p,o,r,t,a,t,i,o,n, ,E,q,u,i,p,m,e,n,t
P,a,i,n,t,i,n,g,",", ,C,o,a,t,i,n,g,",", ,a,n,d, ,D,e,c,o,r,a,t,i,n,g, ,W,o,r,k,e,r,s
P,h,o,t,o,g,r,a,p,h,i,c, ,P,r,o,c,e,s,s, ,W,o,r,k,e,r,s, ,a,n,d, ,P,r,o,c,e,s,s,i,n,g, ,M,a,c,h,i,n,e, ,O,p,e,r,a,t,o,r,s
A,d,h,e,s,i,v,e, ,B,o,n,d,i,n,g, ,M,a,c,h,i,n,e, ,O,p,e,r,a,t,o,r,s, ,a,n,d, ,T,e,n,d,e,r,s
C,l,e,a,n,i,n,g,",", ,W,a,s,h,i,n,g,",", ,a,n,d, ,M,e,t,a,l, ,P,i,c,k,l,i,n,g, ,E,q,u,i,p,m,e,n,t, ,O,p,e,r,a,t,o,r,s, ,a,n,d, ,T,e,n,d,e,r,s
C,o,o,l,i,n,g, ,a,n,d, ,F,r,e,e,z,i,n,g, ,E,q,u,i,p,m,e,n,t, ,O,p,e,r,a,t,o,r,s, ,a,n,d, ,T,e,n,d,e,r,s
E,t,c,h,e,r,s, ,a,n,d, ,E,n,g,r,a,v,e,r,s
M,o,l,d,e,r,s,",", ,S,h,a,p,e,r,s,",", ,a,n,d, ,C,a,s,t,e,r,s,",", ,E,x,c,e,p,t, ,M,e,t,a,l, ,a,n,d, ,P,l,a,s,t,i,c
P,a,p,e,r, ,G,o,o,d,s, ,M,a,c,h,i,n,e, ,S,e,t,t,e,r,s,",", ,O,p,e,r,a,t,o,r,s,",", ,a,n,d, ,T,e,n,d,e,r,s
T,i,r,e, ,B,u,i,l,d,e,r,s
H,e,l,p,e,r,s,-,-,P,r,o,d,u,c,t,i,o,n, ,W,o,r,k,e,r,s
P,r,o,d,u,c,t,i,o,n, ,W,o,r,k,e,r,s,",", ,A,l,l, ,O,t,h,e,r
A,i,r,c,r,a,f,t, ,C,a,r,g,o, ,H,a,n,d,l,i,n,g, ,S,u,p,e,r,v,i,s,o,r,s
F,i,r,s,t,-,L,i,n,e, ,S,u,p,e,r,v,i,s,o,r,s, ,o,f, ,H,e,l,p,e,r,s,",", ,L,a,b,o,r,e,r,s,",", ,a,n,d, ,M,a,t,e,r,i,a,l, ,M,o,v,e,r,s,",", ,H,a,n,d
F,i,r,s,t,-,L,i,n,e, ,S,u,p,e,r,v,i,s,o,r,s, ,o,f, ,T,r,a,n,s,p,o,r,t,a,t,i,o,n, ,a,n,d, ,M,a,t,e,r,i,a,l,-,M,o,v,i,n,g, ,M,a,c,h,i,n,e, ,a,n,d, ,V,e,h,i,c,l,e, ,O,p,e,r,a,t,o,r,s
A,i,r,l,i,n,e, ,P,i,l,o,t,s,",", ,C,o,p,i,l,o,t,s,",", ,a,n,d, ,F,l,i,g,h,t, ,E,n,g,i,n,e,e,r,s
C,o,m,m,e,r,c,i,a,l, ,P,i,l,o,t,s
A,i,r, ,T,r,a,f,f,i,c, ,C,o,n,t,r,o,l,l,e,r,s
A,i,r,f,i,e,l,d, ,O,p,e,r,a,t,i,o,n,s, ,S,p,e,c,i,a,l,i,s,t,s
A,m,b,u,l,a,n,c,e, ,D,r,i,v,e,r,s, ,a,n,d, ,A,t,t,e,n,d,a,n,t,s,",", ,E,x,c,e,p,t, ,E,m,e,r,g,e,n,c,y, ,M,e,d,i,c,a,l, ,T,e,c,h,n,i,c,i,a,n,s
B,u,s, ,D,r,i,v,e,r,s,",", ,T,r,a,n,s,i,t, ,a,n,d, ,I,n,t,e,r,c,i,t,y
B,u,s, ,D,r,i,v,e,r,s,",", ,S,c,h,o,o,l, ,o,r, ,S,p,e,c,i,a,l, ,C,l,i,e,n,t
D,r,i,v,e,r,/,S,a,l,e,s, ,W,o,r,k,e,r,s
H,e,a,v,y, ,a,n,d, ,T,r,a,c,t,o,r,-,T,r,a,i,l,e,r, ,T,r,u,c,k, ,D,r,i,v,e,r,s
L,i,g,h,t, ,T,r,u,c,k, ,o,r, ,D,e,l,i,v,e,r,y, ,S,e,r,v,i,c,e,s, ,D,r,i,v,e,r,s
T,a,x,i, ,D,r,i,v,e,r,s, ,a,n,d, ,C,h,a,u,f,f,e,u,r,s
M,o,t,o,r, ,V,e,h,i,c,l,e, ,O,p,e,r,a,t,o,r,s,",", ,A,l,l, ,O,t,h,e,r
L,o,c,o,m,o,t,i,v,e, ,E,n,g,i,n,e,e,r,s
R,a,i,l, ,Y,a,r,d, ,E,n,g,i,n,e,e,r,s,",", ,D,i,n,k,e,y, ,O,p,e,r,a,t,o,r,s,",", ,a,n,d, ,H,o,s,t,l,e,r,s
R,a,i,l,r,o,a,d, ,B,r,a,k,e,",", ,S,i,g,n,a,l,",", ,a,n,d, ,S,w,i,t,c,h, ,O,p,e,r,a,t,o,r,s
R,a,i,l,r,o,a,d, ,C,o,n,d,u,c,t,o,r,s, ,a,n,d, ,Y,a,r,d,m,a,s,t,e,r,s
S,a,i,l,o,r,s, ,a,n,d, ,M,a,r,i,n,e, ,O,i,l,e,r,s
C,a,p,t,a,i,n,s,",", ,M,a,t,e,s,",", ,a,n,d, ,P,i,l,o,t,s, ,o,f, ,W,a,t,e,r, ,V,e,s,s,e,l,s
P,a,r,k,i,n,g, ,L,o,t, ,A,t,t,e,n,d,a,n,t,s
A,u,t,o,m,o,t,i,v,e, ,a,n,d, ,W,a,t,e,r,c,r,a,f,t, ,S,e,r,v,i,c,e, ,A,t,t,e,n,d,a,n,t,s
T,r,a,n,s,p,o,r,t,a,t,i,o,n, ,I,n,s,p,e,c,t,o,r,s
T,r,a,n,s,p,o,r,t,a,t,i,o,n, ,W,o,r,k,e,r,s,",", ,A,l,l, ,O,t,h,e,r
C,o,n,v,e,y,o,r, ,O,p,e,r,a,t,o,r,s, ,a,n,d, ,T,e,n,d,e,r,s
C,r,a,n,e, ,a,n,d, ,T,o,w,e,r, ,O,p,e,r,a,t,o,r,s
E,x,c,a,v,a,t,i,n,g, ,a,n,d, ,L,o,a,d,i,n,g, ,M,a,c,h,i,n,e, ,a,n,d, ,D,r,a,g,l,i,n,e, ,O,p,e,r,a,t,o,r,s
L,o,a,d,i,n,g, ,M,a,c,h,i,n,e, ,O,p,e,r,a,t,o,r,s,",", ,U,n,d,e,r,g,r,o,u,n,d, ,M,i,n,i,n,g
H,o,i,s,t, ,a,n,d, ,W,i,n,c,h, ,O,p,e,r,a,t,o,r,s
I,n,d,u,s,t,r,i,a,l, ,T,r,u,c,k, ,a,n,d, ,T,r,a,c,t,o,r, ,O,p,e,r,a,t,o,r,s
C,l,e,a,n,e,r,s, ,o,f, ,V,e,h,i,c,l,e,s, ,a,n,d, ,E,q,u,i,p,m,e,n,t
L,a,b,o,r,e,r,s, ,a,n,d, ,F,r,e,i,g,h,t,",", ,S,t,o,c,k,",", ,a,n,d, ,M,a,t,e,r,i,a,l, ,M,o,v,e,r,s,",", ,H,a,n,d
M,a,c,h,i,n,e, ,F,e,e,d,e,r,s, ,a,n,d, ,O,f,f,b,e,a,r,e,r,s
P,a,c,k,e,r,s, ,a,n,d, ,P,a,c,k,a,g,e,r,s,",", ,H,a,n,d
G,a,s, ,C,o,m,p,r,e,s,s,o,r, ,a,n,d, ,G,a,s, ,P,u,m,p,i,n,g, ,S,t,a,t,i,o,n, ,O,p,e,r,a,t,o,r,s
P,u,m,p, ,O,p,e,r,a,t,o,r,s,",", ,E,x,c,e,p,t, ,W,e,l,l,h,e,a,d, ,P,u,m,p,e,r,s
R,e,f,u,s,e, ,a,n,d, ,R,e,c,y,c,l,a,b,l,e, ,M,a,t,e,r,i,a,l, ,C,o,l,l,e,c,t,o,r,s
M,i,n,e, ,S,h,u,t,t,l,e, ,C,a,r, ,O,p,e,r,a,t,o,r,s
T,a,n,k, ,C,a,r,",", ,T,r,u,c,k,",", ,a,n,d, ,S,h,i,p, ,L,o,a,d,e,r,s
M,a,t,e,r,i,a,l, ,M,o,v,i,n,g, ,W,o,r,k,e,r,s,",", ,A,l,l, ,O,t,h,e,r
H,y,d,r,o,l,o,g,i,s,t,s
E,c,o,n,o,m,i,s,t,s
S,o,c,i,a,l, ,S,c,i,e,n,c,e, ,R,e,s,e,a,r,c,h, ,A,s,s,i,s,t,a,n,t,s
H,e,a,l,t,h, ,S,p,e,c,i,a,l,t,i,e,s, ,T,e,a,c,h,e,r,s,",", ,P,o,s,t,s,e,c,o,n,d,a,r,y
M,e,d,i,a, ,a,n,d, ,C,o,m,m,u,n,i,c,a,t,i,o,n, ,W,o,r,k,e,r,s,",", ,A,l,l, ,O,t,h,e,r
T,h,e,r,a,p,i,s,t,s,",", ,A,l,l, ,O,t,h,e,r
N,u,r,s,e, ,M,i,d,w,i,v,e,s
H,e,a,l,t,h, ,D,i,a,g,n,o,s,i,n,g, ,a,n,d, ,T,r,e,a,t,i,n,g, ,P,r,a,c,t,i,t,i,o,n,e,r,s,",", ,A,l,l, ,O,t,h,e,r
B,u,i,l,d,i,n,g, ,C,l,e,a,n,i,n,g, ,W,o,r,k,e,r,s,",", ,A,l,l, ,O,t,h,e,r
G,a,m,i,n,g, ,D,e,a,l,e,r,s
U,s,h,e,r,s,",", ,L,o,b,b,y, ,A,t,t,e,n,d,a,n,t,s,",", ,a,n,d, ,T,i,c,k,e,t, ,T,a,k,e,r,s
G,a,m,i,n,g, ,C,h,a,n,g,e, ,P,e,r,s,o,n,s, ,a,n,d, ,B,o,o,t,h, ,C,a,s,h,i,e,r,s
D,o,o,r,-,t,o,-,D,o,o,r, ,S,a,l,e,s, ,W,o,r,k,e,r,s,",", ,N,e,w,s, ,a,n,d, ,S,t,r,e,e,t, ,V,e,n,d,o,r,s,",", ,a,n,d, ,R,e,l,a,t,e,d, ,W,o,r,k,e,r,s
C,o,m,m,u,n,i,c,a,t,i,o,n,s, ,E,q,u,i,p,m,e,n,t, ,O,p,e,r,a,t,o,r,s,",", ,A,l,l, ,O,t,h,e,r
F,i,s,h,e,r,s, ,a,n,d, ,R,e,l,a,t,e,d, ,F,i,s,h,i,n,g, ,W,o,r,k,e,r,s
P,i,l,e,-,D,r,i,v,e,r, ,O,p,e,r,a,t,o,r,s
T,a,p,e,r,s
D,e,r,r,i,c,k, ,O,p,e,r,a,t,o,r,s,",", ,O,i,l, ,a,n,d, ,G,a,s
F,l,i,g,h,t, ,A,t,t,e,n,d,a,n,t,s
M,o,t,o,r,b,o,a,t, ,O,p,e,r,a,t,o,r,s
S,h,i,p, ,E,n,g,i,n,e,e,r,s
T,r,a,n,s,p,o,r,t,a,t,i,o,n, ,A,t,t,e,n,d,a,n,t,s,",", ,E,x,c,e,p,t, ,F,l,i,g,h,t, ,A,t,t,e,n,d,a,n,t,s
F,a,r,m,e,r,s,",", ,R,a,n,c,h,e,r,s,",", ,a,n,d, ,O,t,h,e,r, ,A,g,r,i,c,u,l,t,u,r,a,l, ,M,a,n,a,g,e,r,s
G,a,m,i,n,g, ,M,a,n,a,g,e,r,s
A,g,e,n,t,s, ,a,n,d, ,B,u,s,i,n,e,s,s, ,M,a,n,a,g,e,r,s, ,o,f, ,A,r,t,i,s,t,s,",", ,P,e,r,f,o,r,m,e,r,s,",", ,a,n,d, ,A,t,h,l,e,t,e,s
F,o,o,d, ,S,c,i,e,n,t,i,s,t,s, ,a,n,d, ,T,e,c,h,n,o,l,o,g,i,s,t,s
S,u,r,v,e,y, ,R,e,s,e,a,r,c,h,e,r,s
S,o,c,i,o,l,o,g,i,s,t,s
P,o,l,i,t,i,c,a,l, ,S,c,i,e,n,t,i,s,t,s
J,u,d,i,c,i,a,l, ,L,a,w, ,C,l,e,r,k,s
F,o,r,e,s,t,r,y, ,a,n,d, ,C,o,n,s,e,r,v,a,t,i,o,n, ,S,c,i,e,n,c,e, ,T,e,a,c,h,e,r,s,",", ,P,o,s,t,s,e,c,o,n,d,a,r,y
A,n,t,h,r,o,p,o,l,o,g,y, ,a,n,d, ,A,r,c,h,e,o,l,o,g,y, ,T,e,a,c,h,e,r,s,",", ,P,o,s,t,s,e,c,o,n,d,a,r,y
A,r,e,a,",", ,E,t,h,n,i,c,",", ,a,n,d, ,C,u,l,t,u,r,a,l, ,S,t,u,d,i,e,s, ,T,e,a,c,h,e,r,s,",", ,P,o,s,t,s,e,c,o,n,d,a,r,y
S,o,c,i,a,l, ,S,c,i,e,n,c,e,s, ,T,e,a,c,h,e,r,s,",", ,P,o,s,t,s,e,c,o,n,d,a,r,y,",", ,A,l,l, ,O,t,h,e,r
F,i,n,e, ,A,r,t,i,s,t,s,",", ,I,n,c,l,u,d,i,n,g, ,P,a,i,n,t,e,r,s,",", ,S,c,u,l,p,t,o,r,s,",", ,a,n,d, ,I,l,l,u,s,t,r,a,t,o,r,s
S,e,t, ,a,n,d, ,E,x,h,i,b,i,t, ,D,e,s,i,g,n,e,r,s
D,e,s,i,g,n,e,r,s,",", ,A,l,l, ,O,t,h,e,r
A,c,t,o,r,s
A,t,h,l,e,t,e,s, ,a,n,d, ,S,p,o,r,t,s, ,C,o,m,p,e,t,i,t,o,r,s
E,n,t,e,r,t,a,i,n,e,r,s, ,a,n,d, ,P,e,r,f,o,r,m,e,r,s,",", ,S,p,o,r,t,s, ,a,n,d, ,R,e,l,a,t,e,d, ,W,o,r,k,e,r,s,",", ,A,l,l, ,O,t,h,e,r
D,e,n,t,i,s,t,s,",", ,A,l,l, ,O,t,h,e,r, ,S,p,e,c,i,a,l,i,s,t,s
G,a,m,i,n,g, ,S,u,r,v,e,i,l,l,a,n,c,e, ,O,f,f,i,c,e,r,s, ,a,n,d, ,G,a,m,i,n,g, ,I,n,v,e,s,t,i,g,a,t,o,r,s
G,a,m,i,n,g, ,S,e,r,v,i,c,e, ,W,o,r,k,e,r,s,",", ,A,l,l, ,O,t,h,e,r
T,r,a,v,e,l, ,G,u,i,d,e,s
M,o,d,e,l,s
G,a,m,i,n,g, ,C,a,g,e, ,W,o,r,k,e,r,s
P,r,o,o,f,r,e,a,d,e,r,s, ,a,n,d, ,C,o,p,y, ,M,a,r,k,e,r,s
P,a,p,e,r,h,a,n,g,e,r,s
R,e,i,n,f,o,r,c,i,n,g, ,I,r,o,n, ,a,n,d, ,R,e,b,a,r, ,W,o,r,k,e,r,s
S,o,l,a,r, ,P,h,o,t,o,v,o,l,t,a,i,c, ,I,n,s,t,a,l,l,e,r,s
R,o,c,k, ,S,p,l,i,t,t,e,r,s,",", ,Q,u,a,r,r,y
C,a,m,e,r,a, ,a,n,d, ,P,h,o,t,o,g,r,a,p,h,i,c, ,E,q,u,i,p,m,e,n,t, ,R,e,p,a,i,r,e,r,s
S,i,g,n,a,l, ,a,n,d, ,T,r,a,c,k, ,S,w,i,t,c,h, ,R,e,p,a,i,r,e,r,s
M,e,t,a,l, ,W,o,r,k,e,r,s, ,a,n,d, ,P,l,a,s,t,i,c, ,W,o,r,k,e,r,s,",", ,A,l,l, ,O,t,h,e,r
S,e,m,i,c,o,n,d,u,c,t,o,r, ,P,r,o,c,e,s,s,o,r,s
T,r,a,f,f,i,c, ,T,e,c,h,n,i,c,i,a,n,s
A,g,r,i,c,u,l,t,u,r,a,l, ,E,n,g,i,n,e,e,r,s
A,n,i,m,a,l, ,S,c,i,e,n,t,i,s,t,s
S,h,o,e, ,M,a,c,h,i,n,e, ,O,p,e,r,a,t,o,r,s, ,a,n,d, ,T,e,n,d,e,r,s
L,o,c,o,m,o,t,i,v,e, ,F,i,r,e,r,s
W,e,l,l,h,e,a,d, ,P,u,m,p,e,r,s
F,a,r,m, ,L,a,b,o,r, ,C,o,n,t,r,a,c,t,o,r,s
M,a,t,h,e,m,a,t,i,c,i,a,n,s
M,a,r,i,n,e, ,E,n,g,i,n,e,e,r,s, ,a,n,d, ,N,a,v,a,l, ,A,r,c,h,i,t,e,c,t,s
A,s,t,r,o,n,o,m,e,r,s
I,n,d,u,s,t,r,i,a,l,-,O,r,g,a,n,i,z,a,t,i,o,n,a,l, ,P,s,y,c,h,o,l,o,g,i,s,t,s
G,e,o,g,r,a,p,h,e,r,s
F,a,s,h,i,o,n, ,D,e,s,i,g,n,e,r,s
D,a,n,c,e,r,s
C,h,o,r,e,o,g,r,a,p,h,e,r,s
P,r,o,s,t,h,o,d,o,n,t,i,s,t,s
G,e,n,e,t,i,c, ,C,o,u,n,s,e,l,o,r,s
T,r,a,n,s,i,t, ,a,n,d, ,R,a,i,l,r,o,a,d, ,P,o,l,i,c,e
C,o,s,t,u,m,e, ,A,t,t,e,n,d,a,n,t,s
B,a,r,b,e,r,s
M,a,k,e,u,p, ,A,r,t,i,s,t,s,",", ,T,h,e,a,t,r,i,c,a,l, ,a,n,d, ,P,e,r,f,o,r,m,a,n,c,e
A,n,i,m,a,l, ,B,r,e,e,d,e,r,s
T,e,r,r,a,z,z,o, ,W,o,r,k,e,r,s, ,a,n,d, ,F,i,n,i,s,h,e,r,s
W,i,n,d, ,T,u,r,b,i,n,e, ,S,e,r,v,i,c,e, ,T,e,c,h,n,i,c,i,a,n,s
F,a,b,r,i,c, ,M,e,n,d,e,r,s,",", ,E,x,c,e,p,t, ,G,a,r,m,e,n,t
F,a,b,r,i,c, ,a,n,d, ,A,p,p,a,r,e,l, ,P,a,t,t,e,r,n,m,a,k,e,r,s
M,o,d,e,l, ,M,a,k,e,r,s,",", ,W,o,o,d
P,a,t,t,e,r,n,m,a,k,e,r,s,",", ,W,o,o,d
N,u,c,l,e,a,r, ,P,o,w,e,r, ,R,e,a,c,t,o,r, ,O,p,e,r,a,t,o,r,s
S,u,b,w,a,y, ,a,n,d, ,S,t,r,e,e,t,c,a,r, ,O,p,e,r,a,t,o,r,s
R,a,i,l, ,T,r,a,n,s,p,o,r,t,a,t,i,o,n, ,W,o,r,k,e,r,s,",", ,A,l,l, ,O,t,h,e,r
B,r,i,d,g,e, ,a,n,d, ,L,o,c,k, ,T,e,n,d,e,r,s
D,r,e,d,g,e, ,O,p,e,r,a,t,o,r,s
M,a,t,h,e,m,a,t,i,c,a,l, ,S,c,i,e,n,c,e, ,O,c,c,u,p,a,t,i,o,n,s,",", ,A,l,l, ,O,t,h,e,r
R,o,o,f, ,B,o,l,t,e,r,s,",", ,M,i,n,i,n,g
R,a,d,i,o, ,O,p,e,r,a,t,o,r,s
M,a,t,h,e,m,a,t,i,c,a,l, ,T,e,c,h,n,i,c,i,a,n,s
S,e,g,m,e,n,t,a,l, ,P,a,v,e,r,s
T,i,m,i,n,g, ,D,e,v,i,c,e, ,A,s,s,e,m,b,l,e,r,s, ,a,n,d, ,A,d,j,u,s,t,e,r,s
C,o,o,k,s,",", ,P,r,i,v,a,t,e, ,H,o,u,s,e,h,o,l,d
